이름,우편번호,주소,주소상세,휴대폰,이메일
송상호,89797,전라북도 춘천시 봉은사200거리 114 (경희서동),상철김송연립,054-350-5018,hyejin71@example.org
이수빈,71783,대전광역시 서대문구 개포442로 322-69,지혜김타워 S동 770호,064-742-7472,ibyeongceol@example.com
윤선영,47092,경기도 안양시 만안구 삼성로 97,현숙김연립 S동 773호,031-126-0151,junhoryu@example.com
김서현,48233,세종특별자치시 종로구 반포대80거리 466 (숙자고동),민준조타운 107호,033-092-3358,vbag@example.com
최성훈,75945,부산광역시 영등포구 개포432길 321-3,종수김오타운 21동 137호,070-4931-7842,jeongsu13@example.com
이성호,00031,강원도 화성시 학동46길 713 (지후김읍),동현박빌라 Z동 109호,010-0314-2418,gimyejin@example.com
송도현,02438,인천광역시 관악구 영동대7로 850 (영희김이동),수진류권아파트 778호,043-106-2790,gimjeonghun@example.net
박예진,29997,경상남도 안양시 동안구 서초대1길 212-24 (예은이읍),준혁강연립 529호,032-452-9182,uhyeonju@example.com
이수빈,37634,서울특별시 동대문구 도산대로 443-39 (상훈박김동),현준조강타워 512호,044-885-1517,songogsun@example.com
나지혜,10505,대구광역시 서구 강남대거리 지하601,정훈김황타운 W동 857호,031-398-9429,gimjeongsu@example.com
이미영,09176,세종특별자치시 영등포구 서초중앙로 890 (명숙김동),선영손문연립 H동 211호,032-755-8425,gimhyeonji@example.com
류경숙,35174,전라북도 안산시 단원구 개포414로 102-62,정숙강아파트 O동 174호,043-976-6405,seunghyeon28@example.net
김민재,43651,강원도 속초시 서초중앙길 875-9,진호주서마을 W동 920호,019-181-7098,seojiyeong@example.org
서경숙,83948,경상남도 안양시 백제고분길 140-12 (옥자송마을),도윤박마을 598호,063-322-4747,jiyeongbag@example.com
이영미,04488,광주광역시 강북구 영동대거리 918-4,은영이빌라,018-434-0610,jeongsig31@example.net
이영일,03593,경상북도 성남시 분당구 언주46가 135-96,동현김타운,017-697-3488,jinho87@example.com
김정순,79934,부산광역시 중랑구 언주5로 147-20 (채원강박마을),지영최타워,064-765-2912,yeongceol43@example.net
한민준,72811,서울특별시 남구 잠실13가 848-90 (지연김이마을),동현이김타워 808호,010-1684-8374,munmyeongsug@example.net
박은지,35250,울산광역시 중구 역삼로 747 (아름김마을),지우안연립 라동 681호,051-317-6350,yejunjo@example.net
이정수,11640,충청남도 성남시 테헤란2거리 지하839 (재호홍리),순자안김타운 X동 546호,010-4662-4368,bagjinho@example.org
이서영,22455,세종특별자치시 강동구 테헤란거리 193-77,보람최박마을,043-651-5634,seongmingim@example.com
이영철,76286,충청북도 옥천군 영동대가 442,춘자나연립,055-300-7583,gimyujin@example.org
이진우,08229,전라남도 양평군 잠실39거리 722-25,현우김타운,043-182-5167,yeongsigjang@example.net
박진우,55387,경상남도 천안시 서북구 강남대7가 31-62 (도윤최백읍),시우나권빌라 K동 466호,032-846-3886,yeongsun77@example.com
김수진,08405,충청북도 성남시 분당구 개포5길 지하803,예지이권마을 451호,016-200-8421,juweoni@example.org
박하윤,82139,경상북도 삼척시 가락296로 568,채원이마을 I동 541호,033-402-2522,janggyeonghyi@example.com
문민서,70465,제주특별자치도 보은군 삼성가 947-22 (민서구읍),옥자권김연립 487호,010-7277-5793,bageunseo@example.com
최민준,34653,부산광역시 강동구 도산대로 512,민석박타워 B동 218호,064-755-9600,ijin@example.org
윤하윤,04615,대구광역시 서초구 가락4가 562,경자장정빌라 741호,019-574-0417,ueungyeong@example.net
이지훈,34326,부산광역시 북구 가락892가 790 (미숙이동),미정윤아파트 748동 040호,032-624-4825,zhan@example.org
문은경,32027,부산광역시 영등포구 잠실가 549-56 (상현심주동),경자윤빌라,062-599-9406,byeongceol99@example.net
최옥자,78143,제주특별자치도 안양시 선릉320거리 755,은영김연립,010-6330-2041,iseohyeon@example.com
장정웅,00542,대전광역시 광진구 영동대47길 320 (선영이배리),시우김연립 68동 011호,010-9152-4944,myeongjagang@example.net
김현지,03136,대구광역시 송파구 학동887가 750-3 (영자양강동),지은박김빌라,043-507-6477,eunseo54@example.org
윤승현,09197,대구광역시 광진구 석촌호수09가 지하514 (채원황리),성훈박하빌라 097호,018-530-5922,baegyeongho@example.org
김상현,58779,인천광역시 구로구 도산대길 563-25,성민이마을 C동 446호,063-842-4255,seohyeon47@example.com
손지아,85592,경상북도 홍성군 강남대길 597 (상철최김읍),미정구마을 F동 275호,041-023-5287,gi@example.org
이정자,35766,대구광역시 동구 반포대431로 지하229,은주박연립 391호,055-163-3931,ji@example.net
김현지,23170,경상북도 오산시 백제고분가 681,상훈이아파트 710호,054-175-4578,iminseog@example.com
최하은,29869,강원도 철원군 개포0로 357,지후김타운 G동 248호,017-981-3452,gimgyeongsu@example.net
하수빈,64047,전라북도 서천군 강남대5길 631 (승민김리),준서성아파트,062-171-4426,geonu01@example.net
엄춘자,67303,전라북도 공주시 개포길 지하418 (지연한리),민서김이빌라,02-7643-9916,ehwang@example.net
고동현,59304,광주광역시 강동구 강남대길 686-1,지은김이마을 24동 485호,055-202-9396,tgweon@example.org
양성훈,45921,충청남도 안양시 동안구 개포가 140 (준영우송리),옥자손타워,02-7416-4801,munjimin@example.org
김시우,78186,세종특별자치시 도봉구 석촌호수가 68 (영철서강마을),민지이아파트 U동 091호,054-590-1707,ogim@example.com
장영식,00417,제주특별자치도 수원시 장안구 봉은사8가 356,정남한류타운,033-416-3178,byeongceolgim@example.net
김도윤,44556,대전광역시 강서구 봉은사거리 500-57 (정훈김김읍),민수조아파트 K동 837호,053-882-8714,jeonghyi68@example.net
나명숙,01100,광주광역시 서초구 도산대5가 838 (영순허읍),채원김연립 420호,070-0293-4910,pgim@example.com
김성수,33406,제주특별자치도 하남시 강남대0가 969 (영길박리),성진김타워,018-616-8133,sunja22@example.org
윤정순,63817,울산광역시 동구 봉은사가 569,성수박양아파트 322호,016-296-5671,cgim@example.com
고서연,65320,충청북도 양구군 오금9로 937-31,성훈최배연립,070-7022-1076,ijeongsig@example.org
송경자,23981,세종특별자치시 노원구 오금거리 638-69 (상훈유이마을),영식최김마을,011-577-2273,dcoe@example.net
김영식,22411,경기도 단양군 역삼38길 592,준혁최타운 T동 332호,054-653-1367,jojihyeon@example.net
한정자,41309,세종특별자치시 성동구 도산대25가 96,채원신최연립 945호,011-726-9915,whong@example.com
김영미,47019,인천광역시 중구 서초대길 434 (서영최이읍),예원최아파트,033-709-9395,jungsui@example.org
이지아,82271,충청남도 수원시 장안구 테헤란로 369-52 (준영김이마을),상철홍타워 876호,063-971-6010,vno@example.org
손도윤,38778,강원도 강릉시 영동대96거리 497,영길김빌라 U동 215호,041-472-1830,jeongja02@example.org
노준영,68355,강원도 보령시 서초대거리 898-13 (은경김권면),미숙허빌라 Q동 385호,064-761-2269,pgweon@example.org
이지후,15197,전라남도 남양주시 잠실로 573-38 (진호이민마을),서현허김마을,061-645-5257,rgim@example.net
한미영,17504,전라북도 청주시 서원구 백제고분로 322,영순고연립,02-0030-6968,ogjagim@example.net
김현숙,48324,경기도 안성시 양재천21길 지하446,혜진이김빌라,011-264-1737,borambag@example.com
안하윤,78571,강원도 동해시 개포445가 219-34 (정식허조동),진우최최연립 211호,061-648-0497,nbag@example.org
박영길,70246,대구광역시 은평구 논현27로 지하992,영수성아파트,011-198-4032,ugim@example.org
강상훈,63050,부산광역시 북구 개포1길 628,명숙홍연립 S동 548호,031-725-2429,nhong@example.org
황진호,30273,세종특별자치시 영등포구 도산대거리 지하260 (병철이리),영진박연립,063-424-6850,hwanghyeonju@example.net
서채원,77522,부산광역시 중랑구 역삼963가 429,경숙김최아파트,016-376-3924,iseoyeong@example.net
김춘자,24443,경상북도 시흥시 삼성가 404,예지강마을,070-6265-9162,byeongceol21@example.com
조영숙,34483,충청북도 부천시 오정구 선릉로 533-10,성진이최타워 545호,055-048-4447,seohyeoni@example.net
하주원,26451,전라남도 옥천군 선릉가 297,영진강타워,016-086-4758,baggyeonghyi@example.com
김병철,77458,경기도 청주시 서원구 선릉가 317-70 (수민노장동),명숙류타워 456호,063-428-4910,jeongung80@example.org
박성호,84573,울산광역시 구로구 선릉002로 430,정수김이연립 다동 623호,043-303-0485,ominsu@example.com
정건우,22900,전라남도 동해시 개포6가 745,명숙이연립,044-846-7311,myeongja00@example.org
김서준,83848,전라북도 청주시 흥덕구 잠실가 460-32 (순옥이마을),경희안연립,042-264-5641,ijeongsig@example.com
홍정남,81224,충청북도 포천시 학동거리 51-77,상현김허연립,070-4708-5053,jiminbae@example.com
박지원,53974,광주광역시 서대문구 백제고분로 462 (성훈이동),혜진백노마을 K동 764호,041-822-4984,eungyeongmin@example.org
최성수,72822,경상남도 가평군 잠실거리 지하307,성현이이연립,032-654-9662,sumin20@example.net
박준서,84455,충청남도 하남시 봉은사2가 671-57,도현박타워 G동 705호,010-2517-6609,ieungyeong@example.org
김병철,48808,강원도 부천시 소사구 반포대가 지하624 (윤서박리),영일김이아파트,055-470-0516,mijeong85@example.net
이도현,39494,경상남도 정선군 역삼60로 지하242 (영호김읍),하윤한이타운,070-8026-4915,gimyeongja@example.net
김영일,78129,대전광역시 구로구 가락24로 633,현정이김빌라 079호,032-157-2269,yejunjo@example.net
이시우,68629,세종특별자치시 양천구 역삼가 298-87 (현준박리),영철김오아파트 261호,016-485-7706,gyeongsugsin@example.org
장명자,83769,경기도 남양주시 논현543가 848-66,정자최타워,042-315-5187,yeonghyi61@example.com
한서현,32441,서울특별시 영등포구 서초대45길 753 (정자박이면),경숙권김빌라,054-623-4899,yeongjinha@example.org
이은영,04978,광주광역시 도봉구 백제고분길 543 (정웅박리),상훈박아파트 C동 631호,042-559-3810,iareum@example.net
김영진,96714,전라북도 고양시 일산동구 오금가 501-43,영길이최연립,011-542-0790,minseog81@example.com
김성호,95423,울산광역시 양천구 잠실37가 571 (성수고박읍),시우최김연립 H동 190호,031-893-9266,hongsangceol@example.com
김숙자,96469,대구광역시 금천구 영동대길 지하701,도현이이타워 S동 510호,02-0786-2506,naeunju@example.org
김영순,80369,인천광역시 동작구 개포56가 772,현숙김진타운,032-241-7725,donghyeon85@example.org
윤서준,74958,전라북도 화천군 양재천44로 654,경수허타운,043-191-5970,seohyeon06@example.net
박정웅,48647,충청북도 성남시 중원구 압구정거리 405 (승현이주면),경수김최빌라 바동 430호,011-570-5831,coeseojun@example.net
김진호,49413,서울특별시 구로구 테헤란232로 962,현우강이타워 622호,052-232-2976,gyeongsu99@example.org
최민석,24176,울산광역시 관악구 언주로 208-45,재호김마을 마동 817호,053-025-8010,hayun45@example.net
김성현,86472,부산광역시 양천구 압구정72길 86-64 (서현최면),준혁이마을 394호,064-775-0730,dohyeon60@example.net
이도현,38797,서울특별시 성동구 테헤란2로 388-90,주원오아파트 239호,041-546-2323,eyang@example.com
송은정,69107,충청남도 평창군 선릉733가 243-75,현숙심연립 E동 455호,055-377-3355,egim@example.net
박현준,86431,전라북도 진천군 서초대로 886,수진양안아파트 386호,063-114-5908,obag@example.org
박영환,28160,충청북도 천안시 동남구 압구정9거리 566,아름노연립 E동 382호,055-659-3459,ojeonghun@example.com
이영수,97665,광주광역시 마포구 언주5로 408,지연이타워 S동 729호,02-7490-6162,isanghun@example.org
박영순,81596,울산광역시 양천구 선릉길 710-42 (경수한읍),예은허오연립 D동 653호,061-249-0419,qbag@example.com
이영일,78844,전라북도 청양군 양재천311길 810-82 (아름이동),정숙김빌라 마동 304호,019-336-4696,ieunyeong@example.org
박은정,70055,전라남도 양양군 서초대길 32-31 (지영이이동),시우김최마을 V동 130호,061-978-5080,jihye57@example.org
김현준,23623,경상북도 성남시 논현길 21-57,준호최김타운 731호,018-175-8120,sanghogim@example.net
박승현,32152,경기도 수원시 장안구 영동대710거리 760 (순자오마을),현정이허연립 721호,011-425-6879,pi@example.org
허민준,68175,충청남도 안성시 영동대692거리 810,상철이타워,041-359-1715,hwangseoyeong@example.org
김성수,96263,세종특별자치시 동구 테헤란거리 244-83,서윤김연립 731호,063-196-5621,eungyeong93@example.org
손정남,39433,전라남도 속초시 봉은사가 617 (명자이리),춘자김아파트 O동 270호,061-000-2083,jeongnam88@example.org
이예원,00810,강원도 청주시 흥덕구 서초대거리 882,영숙김안타운,053-984-2059,hyeonju31@example.net
최영길,32455,서울특별시 서초구 석촌호수6로 546-56,은정배김아파트 676호,031-477-4283,ojungsu@example.com
김상훈,71897,경상남도 천안시 서북구 석촌호수길 520-54 (지현김동),현우성김마을,062-865-1412,jieunan@example.com
김지후,56456,세종특별자치시 송파구 가락가 220-52 (미정김박리),지현김연립 844호,017-409-1693,hyeonjeongbag@example.org
나영희,17477,대구광역시 용산구 테헤란로 53,상호이장연립 가동 755호,070-3671-6728,jinujeong@example.net
최아름,88205,대전광역시 은평구 영동대43거리 676-12,유진노백타운 789호,043-590-4277,minseog12@example.com
김중수,89836,인천광역시 중랑구 반포대045길 42 (지훈김장읍),준영민연립,031-520-5289,jieun31@example.com
주재현,39100,광주광역시 성동구 반포대28길 933,영자최구빌라 896호,063-828-5474,jinho47@example.org
송병철,38374,충청북도 부여군 백제고분15길 350,서준홍아파트,017-334-2070,jihu23@example.net
황영미,49094,강원도 홍성군 학동길 370-85 (지현이읍),은경오박연립 M동 541호,016-853-5721,jeongsug95@example.org
김민재,29698,광주광역시 은평구 테헤란로 492 (동현양마을),하윤김김빌라 655호,055-884-5429,gimjeongsun@example.net
손민서,12355,대구광역시 남구 서초대길 490,예은신김연립 994호,032-739-1376,yangjeongho@example.org
곽지혜,13867,서울특별시 성동구 논현22로 지하773 (서현이동),예지허김아파트 709호,017-880-2439,iseunghyeon@example.org
김정식,24957,경상북도 철원군 서초중앙418가 지하100,미영한김빌라 K동 825호,016-846-3105,eunji14@example.com
이준호,49931,울산광역시 중구 역삼로 443 (상현이마을),윤서김김연립,033-099-9577,coehyeonjeong@example.org
홍도현,67895,부산광역시 용산구 가락가 817-16 (지혜노리),성민김마을 339동 555호,051-665-0913,seoyeongcoe@example.org
김경수,91380,충청북도 수원시 팔달구 가락6가 569,정숙신김아파트,02-8096-0628,fi@example.net
안채원,43310,전라남도 파주시 반포대로 637-32 (정웅이박읍),재현나김연립 E동 503호,011-941-5630,yeji87@example.org
정숙자,38618,울산광역시 마포구 선릉거리 157-30 (정훈최김리),예준이이아파트,070-4020-2641,minsu40@example.org
이현준,84816,대전광역시 동작구 테헤란길 386-48,예지이윤타워 90동 220호,016-809-8764,seojun38@example.org
박상현,65075,강원도 화천군 압구정2거리 786 (도현김김읍),성진이최마을,061-999-3681,byu@example.com
정서준,36136,부산광역시 은평구 백제고분44길 612,지영구아파트 J동 148호,031-212-2065,gimhyeonsug@example.com
이지훈,92743,제주특별자치도 광주시 논현26거리 122 (민재서면),춘자지이타운 045호,043-903-4234,gimminjun@example.net
이재현,91774,경기도 태안군 반포대길 211 (하은윤면),준혁류마을 02동 184호,053-250-7831,gimyeongsug@example.com
주지아,66319,대구광역시 북구 역삼1길 지하708,미경이노빌라 03동 059호,043-827-2017,obag@example.net
김영진,64163,대구광역시 성동구 도산대449거리 지하43 (영수박읍),서영이남빌라 006호,061-098-5835,yeongmigim@example.net
최순옥,12595,충청북도 영동군 테헤란114로 997-72 (순옥김최읍),정식성빌라 571호,042-780-4051,wryu@example.org
이건우,83319,경상북도 태안군 서초중앙로 557-66 (서영강면),채원주김연립 K동 662호,018-960-2882,seongjin81@example.net
장민수,36459,서울특별시 서대문구 서초중앙가 393-42 (정웅권리),영수배이타워 721호,063-950-0406,gwangsu52@example.com
김상현,89323,전라남도 제천시 서초대거리 542-74 (미숙신동),은지이김타운 286호,010-2075-1230,hyeonu27@example.com
문영순,39282,제주특별자치도 서천군 개포길 지하874 (정순김동),순자김빌라,010-6485-0104,yeonghosong@example.com
박성민,99795,대구광역시 금천구 석촌호수거리 315-3,영미서정연립 784호,054-744-0013,ii@example.org
이지아,96411,충청북도 수원시 영통구 석촌호수2길 701-82,경희장연립,011-704-0796,minji57@example.com
이지민,61900,세종특별자치시 동대문구 양재천644로 464,서영송마을 806호,053-908-7261,minseo62@example.com
이현준,41711,광주광역시 중랑구 역삼1거리 860 (경숙이마을),지현장마을 M동 336호,052-183-5272,yeongil63@example.net
허영길,57927,충청북도 용인시 도산대거리 370,영수김서타워,043-991-4239,yejigim@example.org
이승민,70757,인천광역시 동구 선릉88길 지하176 (민지이마을),예준김타워 G동 340호,054-533-6039,sangceol27@example.org
이건우,09698,세종특별자치시 구로구 오금길 418-64,미영박박연립 V동 184호,019-931-8243,zryu@example.com
이영호,20328,경상북도 영월군 개포길 835-1 (경자박임동),채원유빌라 23동 055호,017-317-4053,gimminji@example.org
김준혁,29681,충청남도 논산시 오금63가 지하740 (채원윤김리),영철김이연립 H동 505호,043-513-7623,ino@example.com
최순자,73774,충청북도 아산시 석촌호수길 34-79,은지윤아파트 Z동 376호,061-784-9504,zhan@example.com
곽지우,60328,제주특별자치도 용인시 기흥구 개포길 49,상현윤김타운 268호,064-775-5091,najunhyeog@example.net
김현주,76576,제주특별자치도 과천시 선릉236가 966 (영진민마을),영진김김타워 P동 173호,054-998-5824,gimyeonggil@example.com
김민준,46062,부산광역시 서구 양재천874로 166-19,종수김박마을,017-172-2820,oryu@example.net
김진호,65369,서울특별시 서구 압구정가 345,정희황박빌라 W동 777호,031-578-1164,baeeunji@example.org
박하윤,09390,대전광역시 영등포구 서초중앙거리 600-57 (서연최노읍),민준김연립 O동 689호,018-425-2310,gangjiweon@example.org
안성호,76851,세종특별자치시 성북구 선릉로 213 (승현박읍),경수이김연립 534호,02-0137-9894,sumin20@example.net
양은영,05231,전라남도 안양시 논현길 679,현준우연립 333호,032-048-6258,ogja37@example.com
강지훈,24487,부산광역시 금천구 테헤란016길 181,성진백박타워 471호,010-3008-9203,hgim@example.org
김영진,50156,광주광역시 영등포구 도산대98길 225 (성진김면),중수김박마을 664호,054-352-1612,yeongmi20@example.com
황민재,99438,서울특별시 강북구 도산대514로 210-46 (상철박한동),서준엄빌라,052-019-8817,ri@example.net
박지연,93331,충청북도 김포시 강남대거리 지하859 (정식김동),중수박타워,018-962-0475,seoyeong12@example.net
이민서,12413,경상남도 군포시 잠실6가 14-95,서윤이마을 409호,051-923-4996,gimjeongho@example.net
박영철,78138,경상남도 청주시 청원구 학동가 884-53 (수민우면),옥순이이타운,053-456-8491,migyeongi@example.com
송현주,35695,충청북도 원주시 잠실거리 272-19,아름이이빌라 라동 346호,019-777-7203,minseog52@example.net
황현숙,49756,강원도 이천시 언주길 210,하은김남아파트 140호,043-522-9243,ggim@example.org
김지원,05137,제주특별자치도 여주시 압구정9거리 178,민지송홍타워 325호,052-287-3926,bnam@example.com
윤상훈,31493,서울특별시 영등포구 학동길 828,영길안아파트 727호,016-045-9010,gyeongja93@example.net
박경자,76058,제주특별자치도 원주시 백제고분거리 지하882,현정안타운 716호,010-3320-5764,hyeonubag@example.com
이중수,13971,전라북도 성남시 서초대02길 165-66 (승현이김리),성호이타운 635호,054-825-8940,jungsu40@example.net
김정웅,82984,부산광역시 중구 봉은사로 155 (성수홍마을),경숙김연립,042-686-8494,jeongsig90@example.net
박은정,20712,서울특별시 종로구 봉은사로 727,예준성곽타운 X동 699호,033-334-7757,sbag@example.com
오승민,31594,대구광역시 관악구 봉은사로 442 (우진배김리),정식강김타워 J동 946호,062-348-6281,yeongil13@example.net
윤정남,06362,대전광역시 강남구 잠실68길 472-48 (순옥손안동),정남김연립 746호,051-928-3388,sanghyeon06@example.org
김수진,84887,울산광역시 금천구 양재천거리 584-61 (명자곽이면),경자이양아파트 Q동 342호,044-624-0279,seoyeon31@example.org
김중수,92053,경상북도 공주시 선릉078길 582 (은정최동),숙자김아파트 X동 395호,032-584-1927,yeongmisim@example.org
배정순,70345,부산광역시 동작구 삼성68길 771-72,영환이유빌라 W동 817호,041-004-4352,bagcaeweon@example.com
김준호,73199,경상남도 파주시 강남대39거리 715 (민석한면),서영김아파트,064-742-3229,yeongsig30@example.net
김숙자,09897,서울특별시 구로구 선릉로 800-66,민준김연립,061-186-8035,coejiweon@example.com
이은지,04271,전라북도 시흥시 선릉3거리 744,지우박타운 R동 642호,064-787-0462,areumi@example.net
문은정,37479,제주특별자치도 홍성군 강남대2길 483-14 (영식이동),건우이이빌라,017-974-5698,gimyeongil@example.com
이명숙,90900,광주광역시 구로구 서초대가 지하223,승현최마을 491호,061-566-7237,yeongsig71@example.com
장민지,80356,세종특별자치시 남구 선릉323길 지하337 (민석이김리),주원한연립 177호,052-579-0994,jimin08@example.net
전도윤,11570,세종특별자치시 중랑구 석촌호수거리 282-72,미숙김연립,018-054-4603,namsanghyeon@example.net
남채원,15602,대구광역시 중구 반포대24로 485,영희김타워,010-7288-8294,ci@example.com
류지훈,79434,부산광역시 서대문구 봉은사69가 764,경희양박연립 709호,02-6615-6756,gimjiyeong@example.org
고승민,08450,세종특별자치시 마포구 언주로 208,상호이고아파트 440호,042-646-2891,ugim@example.org
김정웅,04116,경기도 수원시 영통구 봉은사4거리 932,미경박아파트 298호,052-824-2640,songsubin@example.com
유현우,70613,경기도 청주시 흥덕구 논현27가 857,민석이타워 Z동 317호,031-557-3234,jaeho35@example.org
오미정,72357,경상북도 이천시 영동대098가 613,은정윤아파트 917호,061-591-4319,coejimin@example.net
안준영,83092,전라북도 청주시 상당구 논현2가 171,도윤서빌라 K동 215호,053-746-4751,aryu@example.org
최승민,13226,광주광역시 금천구 압구정34길 764,옥자이김마을 728호,033-005-8857,jjo@example.com
서상훈,03188,부산광역시 금천구 잠실273거리 931 (예지황마을),정희박김연립 517호,041-380-6330,jiminbag@example.net
이재현,42620,경상북도 청주시 상당구 테헤란길 390-35 (유진정읍),미영이김아파트,063-815-3945,gimgeonu@example.org
고영자,88055,경상남도 정선군 서초중앙가 333-75 (윤서박면),성현김송타워 808호,052-012-1234,tryu@example.net
김정자,53078,충청북도 의왕시 개포거리 345-48 (수민이하리),지현박타워 B동 983호,064-772-8837,gimjiu@example.com
박승현,26935,대전광역시 중랑구 논현거리 957,미영박문아파트 Q동 554호,010-0721-0080,hongboram@example.net
안명자,54132,대구광역시 남구 봉은사가 986 (지현김권면),정숙박타워 750호,052-315-1934,jinu45@example.net
송예진,71681,강원도 부천시 오정구 양재천로 254 (현숙김홍읍),진호서아파트 M동 964호,042-004-5836,jeonghunsim@example.org
최수민,94042,광주광역시 노원구 강남대길 752,지민김마을 968호,070-7091-2019,qi@example.com
류영숙,52115,세종특별자치시 중랑구 학동가 지하824,재현강정아파트 828호,063-967-9281,xbag@example.net
이현지,76787,광주광역시 광진구 영동대가 520-22 (영순고오동),영숙장타워,031-682-8761,lyun@example.com
박미경,08724,제주특별자치도 단양군 역삼755로 972-55,미숙배연립 442호,043-476-2227,sgim@example.net
조서현,83099,부산광역시 은평구 학동가 849 (숙자최김면),승민이타운 711호,031-918-6558,ayang@example.org
윤서윤,03040,충청북도 부천시 원미구 강남대9가 지하840,정웅김연립 031호,063-677-6813,seongminu@example.org
김정희,98056,충청북도 여주시 삼성57길 966,상철박윤아파트 762호,070-1388-0157,ganghyeonjun@example.net
이중수,81660,대전광역시 용산구 강남대43로 464-12 (성진김이마을),민석이윤연립 277호,042-462-0323,isanghyeon@example.net
박영수,71801,대구광역시 금천구 강남대87길 316,상철지아파트,055-030-2585,khan@example.org
서명숙,12998,대전광역시 관악구 선릉로 425,영호이타운 A동 630호,016-080-4888,jimin56@example.org
이예지,76624,인천광역시 광진구 가락가 682-59 (영철민리),재호이홍타워 052호,044-324-2008,jongsui@example.net
송순옥,58240,인천광역시 종로구 봉은사04거리 205 (채원이마을),정호김김연립 08동 119호,051-347-0346,bi@example.net
박정남,50846,제주특별자치도 의정부시 양재천로 169-47 (은경정김리),도현박마을 86동 930호,063-947-9765,agweon@example.net
김서연,19435,충청남도 광주시 역삼길 939 (도윤박동),영순박연립 G동 149호,017-877-5804,ijihun@example.com
김재현,50376,경상남도 청주시 흥덕구 테헤란14가 지하779,영길홍타워 356호,031-215-9768,hongjunhyeog@example.net
송서준,99099,충청북도 고양시 일산서구 영동대거리 837 (재호김박동),영희나빌라 N동 980호,052-766-3728,songjiyeon@example.com
박서준,98124,울산광역시 은평구 가락80거리 320-73 (진호김오동),숙자김타운 240호,010-1640-4063,geonu03@example.com
최숙자,05743,부산광역시 동작구 논현로 503,보람김연립 245호,016-616-4061,ggim@example.com
김민수,87468,울산광역시 영등포구 반포대7길 785,지훈김타운 Y동 832호,019-989-0436,ibag@example.org
김민재,66515,경상북도 용인시 수지구 언주거리 294 (서준이면),영미임아파트,019-315-9440,iyeweon@example.org
최영자,48721,부산광역시 강북구 잠실가 지하479 (은주김동),지아박타운 E동 434호,053-559-8097,simseohyeon@example.org
김우진,02277,인천광역시 은평구 언주29거리 968-91,영환신이빌라 737호,032-963-4037,yejiji@example.org
김은지,40975,대구광역시 강동구 개포689거리 506-21 (준호이백면),영호성한빌라,019-653-6710,agim@example.org
김상훈,41575,세종특별자치시 동대문구 선릉800가 759 (예진박면),정수안연립 265호,031-480-9248,yeonghwan28@example.net
김미정,50825,광주광역시 서구 학동791길 54-9,지영구마을,018-163-6500,hansiu@example.net
서은정,49091,부산광역시 양천구 반포대길 281-1 (상훈김양마을),준서진빌라 107동 339호,010-7905-8688,jiweon84@example.org
심영호,16709,충청북도 홍성군 가락길 752,광수서박마을,053-327-7101,sugja60@example.net
이예원,40509,경기도 서산시 서초중앙거리 967-74 (경자김리),영숙김마을,062-371-6425,jeongsugi@example.net
최상훈,74935,경상북도 오산시 잠실로 780-75 (서영오김마을),은주송박아파트,02-4435-8131,mhwang@example.net
박영진,41994,대구광역시 북구 오금거리 631-76,지원서주아파트 695호,018-715-4970,jimingang@example.net
박은경,86380,충청남도 횡성군 압구정가 886 (지우박동),종수김노마을 마동 433호,041-551-0921,yeongsug17@example.com
박은경,81138,경기도 연천군 가락가 582-51,영희한김타워 C동 590호,055-873-0724,yeongilgang@example.com
김민재,73496,경기도 천안시 동남구 논현로 103-57,성훈박타워 813호,033-610-6381,gyeongsu83@example.com
이지혜,13267,충청북도 여주시 영동대03가 743 (영식곽읍),서현최타운 L동 811호,02-1423-8749,sumin73@example.net
이서현,17092,충청남도 고양시 덕양구 도산대4길 678,지민이타운 825호,054-775-1415,ominjae@example.net
한종수,10018,세종특별자치시 금천구 봉은사74로 지하464,승민박김아파트,044-333-9128,ujin06@example.com
권성민,45325,경상북도 안산시 상록구 압구정로 395 (준서박마을),지은박이아파트 P동 171호,041-929-0979,geonu50@example.com
이미숙,11163,전라북도 의정부시 테헤란686로 지하888 (서연김윤리),병철김이아파트,052-153-6517,yeongsig60@example.org
김순옥,52831,부산광역시 성북구 선릉291로 지하328,성호장타워 381호,062-438-3855,ni@example.net
김진호,13788,전라남도 부여군 테헤란95로 235-57 (미정강류마을),윤서김손타워 252호,02-7299-3598,ryuhaeun@example.com
민은지,02653,경상남도 광주시 서초중앙297길 207 (영길김면),영숙김강타워 447호,043-843-0793,gimgyeongja@example.org
이상호,10577,충청남도 태백시 서초중앙3가 850-41,춘자서타운 D동 167호,010-4616-1788,jeonghyicoe@example.net
이예지,03483,경상북도 예산군 테헤란642거리 262 (영자이리),명숙김아파트 다동 449호,032-193-2016,jeongnamgim@example.org
한예은,13465,인천광역시 강남구 잠실971로 22-93 (은주배면),현우박연립,017-950-2795,misugcoe@example.net
이윤서,34204,충청북도 홍성군 백제고분로 지하107 (준서이리),예진김빌라 662호,063-568-5225,misug44@example.com
심은정,30516,경상남도 홍성군 삼성로 555,동현양심연립 524호,062-946-6446,gi@example.org
양상철,98984,인천광역시 동대문구 석촌호수로 784-6 (정순김면),상훈김타운,061-475-6743,seungmin03@example.net
최경희,35219,제주특별자치도 안성시 학동2거리 236,경자김박아파트,070-6330-2435,xbae@example.org
김지혜,16719,전라남도 보령시 선릉가 172,현우김타운,055-131-4820,zhan@example.com
이지연,89146,부산광역시 중구 서초대505로 354 (지원김임마을),영식김아파트 792호,061-147-0545,yeeunan@example.net
김재호,34367,광주광역시 서대문구 백제고분로 지하239,민석김타운 V동 317호,011-747-7655,geonugim@example.net
권종수,03106,충청북도 안산시 단원구 압구정444길 322 (민지허이동),아름박빌라 W동 108호,043-352-8930,jeongunggim@example.net
김현우,17390,서울특별시 서초구 개포로 418-21,수빈박연립,051-548-2410,jimin40@example.com
박정식,41721,세종특별자치시 마포구 서초대994가 지하579,재호박타운 932호,043-855-7496,zgim@example.org
김지은,25004,광주광역시 서대문구 도산대길 226,정자이타운,043-989-0552,yeongsugbag@example.org
최영숙,09839,전라북도 수원시 장안구 테헤란11거리 895-29 (상현오김읍),영순김연립 703동 753호,010-5199-2298,cunja58@example.net
이경숙,30979,경상북도 삼척시 학동거리 34,영희서아파트,018-836-3366,seungmin80@example.net
박지혜,69592,서울특별시 금천구 테헤란66로 921-46 (지민황양읍),정식김김마을,052-229-2165,myeongjagim@example.net
홍영일,54299,부산광역시 강남구 서초대길 520 (성진윤서동),미숙송이타워,018-544-7990,gimgyeongsu@example.com
김미정,11164,대전광역시 중구 개포28가 421-81,도현한빌라 Z동 689호,052-405-9167,hyeonjeong55@example.com
윤주원,21127,전라북도 부천시 소사구 백제고분길 992 (경자장황읍),순옥김연립 A동 959호,011-285-5107,ijungsu@example.org
이숙자,08979,부산광역시 강서구 강남대298가 351,은정장마을 223호,031-125-5285,coejungsu@example.com
최현우,55492,경기도 양평군 압구정가 679 (은영이주동),서윤김마을 U동 504호,055-511-1776,aheo@example.net
김숙자,20516,서울특별시 서초구 석촌호수74길 379 (선영백면),예지김연립,061-379-0361,jeongsungang@example.net
박혜진,35115,광주광역시 중구 백제고분67로 783-87,정희김김타워 312호,02-0697-4385,minjaejeong@example.com
진경수,44139,대전광역시 동대문구 역삼길 지하309,지혜강이마을 F동 893호,033-955-8200,jeongung49@example.com
이예준,03577,충청북도 청주시 상당구 강남대가 43 (채원나정리),순옥김타운 N동 846호,044-016-8734,gimsangceol@example.net
이지영,79898,대구광역시 관악구 도산대거리 지하748,승현장배빌라 815호,063-155-8306,yeongmigim@example.net
김정식,76161,강원도 동두천시 잠실거리 369 (현지류김마을),숙자정빌라 076호,016-519-2447,jieungim@example.org
박재호,89414,전라북도 포천시 양재천7로 336-1 (지은서읍),정훈이타운 H동 614호,032-423-2070,sanghuni@example.org
윤재호,16297,인천광역시 북구 석촌호수31길 482-44 (지훈심이리),유진한박연립,054-340-8923,sanghunbag@example.net
이정웅,89693,대전광역시 도봉구 개포길 999-10 (상철오박마을),수빈이김아파트 E동 509호,010-1491-6172,caeweongim@example.net
서상철,27957,세종특별자치시 동작구 강남대거리 286,지원이주연립,042-088-2947,jongsu51@example.org
김현정,11652,서울특별시 은평구 선릉거리 458-38,춘자황김연립,018-885-3345,jiabag@example.com
김준영,01395,전라북도 삼척시 양재천길 465,예준최타워 514호,044-252-6330,eunjubag@example.com
서영미,94127,충청북도 화천군 개포길 243 (하윤서김면),은서김박연립 나동 349호,018-200-6413,seonghungim@example.org
김현주,70855,대전광역시 남구 역삼137거리 838,성호권빌라,063-276-6184,gyeongsugi@example.net
이현주,15784,서울특별시 강남구 삼성3길 364 (수진서동),현지최류연립 N동 096호,064-795-6058,hyeonjungim@example.com
이서현,21312,대구광역시 남구 강남대667길 863,성현김아파트,044-976-3402,dohyeon73@example.net
서승민,52649,경상남도 홍성군 반포대838로 275,유진이연립,051-511-9964,ugim@example.com
김영호,06533,강원도 여주시 압구정53길 721,경숙손타운 D동 187호,010-5387-5009,migyeonggim@example.net
안춘자,12837,제주특별자치도 안산시 단원구 압구정3가 167-66,재현전김타운,061-571-8477,coeyeongceol@example.net
류영희,59886,대구광역시 종로구 선릉83길 368-16 (진우남김읍),시우이김마을 079호,064-742-6953,tgim@example.net
김서영,32212,부산광역시 광진구 도산대거리 13 (성민김면),지현김고마을 233호,064-729-2444,ji@example.net
남정웅,59243,울산광역시 서대문구 압구정가 775-24,상훈전빌라,053-796-3663,myeongsuggim@example.org
강민재,40005,경기도 광명시 논현로 539 (영호김동),건우문이아파트 664호,044-540-6618,oseohyeon@example.org
김재호,83933,광주광역시 동대문구 논현67가 634-68,준호김오타운,017-204-9820,pbae@example.com
이진우,13414,인천광역시 용산구 언주56로 864-77,도현조아파트,017-138-7168,juweoni@example.org
이지원,36910,충청남도 논산시 서초중앙가 997-1,준호김타워,031-595-3971,lgim@example.com
문재현,35458,세종특별자치시 종로구 양재천거리 444,지후한이마을 508호,02-7378-7055,dgim@example.com
김중수,02340,서울특별시 마포구 봉은사939로 265 (진호장고동),은영이연립,054-905-1483,ijeonghun@example.com
최은경,57774,제주특별자치도 안산시 단원구 도산대84가 275-19 (영일지면),지영이아파트 P동 500호,062-452-1570,qi@example.net
황지우,43519,경기도 김포시 백제고분4길 976,영철김서아파트,061-636-4551,gbag@example.org
윤병철,86275,전라남도 계룡시 개포091가 459-19,민준홍빌라 H동 457호,043-240-5027,ogim@example.net
이정희,04982,부산광역시 양천구 석촌호수길 858-84 (지후홍박면),정순이빌라 436호,017-545-7446,ogja19@example.com
이서연,55365,대전광역시 동작구 학동48거리 912 (은정이마을),정자강빌라 E동 573호,043-555-1609,gyeonghyi83@example.com
최경숙,85935,전라남도 이천시 서초중앙로 940-69 (수진윤동),서현문연립 C동 365호,042-432-7429,pryu@example.com
김정자,96020,경상북도 홍천군 학동로 206-86,현정김김빌라 589호,017-874-2857,yejingim@example.org
윤상훈,53231,대전광역시 구로구 논현거리 286-54,도윤김송마을 752동 484호,063-593-9691,bagseonghyeon@example.org
이영희,22415,경상남도 청주시 흥덕구 서초중앙로 998-98,미영이타워,041-712-5073,seungmin65@example.net
김상호,61401,대구광역시 동작구 학동937로 588 (영호유마을),정자임타운,019-324-9945,myeongja80@example.com
김현지,68378,경상남도 속초시 영동대3가 448,서영이마을 라동 542호,010-5507-5556,bagjihu@example.net
최지원,70890,전라북도 용인시 처인구 도산대580거리 49 (민서김마을),정순김마을 421호,063-843-3662,kgang@example.net
지정웅,21608,경상북도 의정부시 반포대649길 지하149 (혜진심마을),도윤김백연립 P동 870호,033-290-4063,junhoyu@example.com
김지은,13324,충청남도 수원시 양재천거리 202,진호김아파트 322호,018-113-8410,amun@example.net
강지혜,33792,전라북도 수원시 팔달구 학동9거리 818-47 (은영이리),지영이마을 바동 191호,010-2885-9270,jinu65@example.com
하준호,47536,제주특별자치도 동두천시 반포대26가 967,준영김아파트 797호,062-759-1554,yeongsig85@example.net
신성호,66343,제주특별자치도 제천시 테헤란24거리 278-19,지원이빌라 S동 387호,051-703-9695,gyeonghyiryu@example.com
김성호,82763,광주광역시 송파구 서초중앙거리 93 (영호김백읍),민석조타운,053-025-6822,gimhyejin@example.org
이정자,90999,제주특별자치도 보령시 도산대79로 808-4,승현류타운,052-137-9932,hyeonugweon@example.com
임미경,87937,충청북도 수원시 개포거리 218-83 (영식이읍),상훈서연립 N동 488호,042-408-7302,ogjai@example.org
김민수,09415,광주광역시 동작구 테헤란거리 544-71,정훈김빌라,055-884-6167,siu16@example.net
김성진,90639,경상남도 수원시 장안구 선릉3거리 72-34,경자최빌라 448호,041-880-8364,baehyeonsug@example.org
이진호,20091,광주광역시 강서구 논현거리 113,영수박김마을,043-308-6937,ysong@example.net
김하윤,54595,충청남도 원주시 언주거리 413 (민지이마을),은서강손타워 506호,017-947-4223,jeongjagang@example.org
최하은,57147,제주특별자치도 안양시 만안구 백제고분25로 535-76 (은주최송리),지훈김이아파트 766호,017-100-8412,jeongsubaeg@example.org
김은서,23748,서울특별시 남구 영동대로 590-66 (영순이김동),영희주마을,061-115-6348,iseongsu@example.net
김은정,22746,경기도 삼척시 강남대길 217,하은노윤타운 535호,041-426-5571,mijeong50@example.net
서건우,77885,서울특별시 서구 테헤란579가 967-78 (지혜문마을),민수임홍연립 718호,018-788-2970,minseoggu@example.com
박은영,05498,전라남도 서산시 오금7길 101-26 (동현이동),현숙김아파트 G동 954호,02-1003-0310,iseoyeon@example.com
이지현,03313,전라북도 논산시 도산대거리 943-55 (민준박박동),종수이박연립 101호,055-587-6861,ujin38@example.org
김정자,25355,울산광역시 서대문구 석촌호수40가 77-77 (건우서이읍),유진김이마을,053-282-2189,ubaeg@example.org
서승민,25061,충청북도 제천시 압구정거리 지하509 (승현윤이동),민지허김마을 Z동 332호,063-145-0133,byeongceol29@example.org
이성호,70926,충청남도 삼척시 석촌호수가 366-29,서윤김빌라,033-651-3699,ogsun97@example.net
신승현,09862,충청북도 안양시 만안구 논현44거리 770 (지아최박동),보람안빌라 07동 222호,064-758-8673,namogja@example.com
문민재,17762,전라북도 수원시 권선구 역삼거리 지하159,지민문김아파트,061-887-5949,minseog45@example.net
윤민서,10288,경상남도 가평군 양재천49가 941,정남박타워 I동 299호,062-909-8746,sanghogang@example.com
김서준,27358,울산광역시 양천구 양재천0거리 501-62 (영호윤서리),예지한타운,018-876-1064,jieun77@example.org
서서영,03640,대전광역시 강서구 석촌호수거리 680 (지우박마을),지우박서타운 F동 456호,043-423-3729,di@example.com
이예진,70394,서울특별시 용산구 개포8길 486,예준최연립 B동 871호,055-540-1646,haeunnam@example.org
박지훈,99826,서울특별시 은평구 서초대7가 805,서연김안연립 라동 021호,041-400-6365,gyeongja31@example.net
박지우,54545,서울특별시 송파구 압구정105거리 지하521,성민장연립 608호,019-895-1419,ujin15@example.com
김영철,20739,충청북도 부천시 영동대로 498,명숙이조타워 Q동 610호,042-901-2887,li@example.org
권병철,53054,제주특별자치도 영동군 언주728거리 734-3,정숙김타워 U동 067호,070-6802-3260,jinuna@example.net
김선영,82423,충청남도 안산시 상록구 오금8로 177-81,영순임최연립 86동 379호,031-333-3089,donghyeongim@example.net
김상철,96935,경기도 청주시 상당구 반포대395가 40,민준황연립,070-3593-0758,iyeeun@example.org
강우진,03759,제주특별자치도 고성군 언주7가 275-83,영희김허빌라 234호,051-836-3700,yejii@example.net
최정식,83802,전라남도 평창군 백제고분6거리 156-73,정웅이이타운 E동 194호,044-010-4806,isunja@example.com
이준호,60940,세종특별자치시 북구 도산대93길 761-89,지아김이아파트,054-134-0260,yujin52@example.net
김예은,12245,제주특별자치도 평창군 양재천1길 873,미영송타운 바동 282호,052-044-9063,gimseonghun@example.net
이정희,74984,전라북도 안산시 단원구 학동791가 313,미숙최연립 617호,032-479-4667,qo@example.net
조은경,48379,부산광역시 금천구 선릉가 지하687 (수진이리),보람박조빌라,043-884-3897,haeunheo@example.net
황영호,77711,전라북도 안산시 상록구 잠실길 637 (민수김한동),상호최아파트,063-982-6991,munseongjin@example.com
박은경,89452,충청남도 부천시 서초중앙487길 706,하윤박마을 F동 528호,031-307-1984,cunjacoe@example.net
류민서,42178,울산광역시 용산구 도산대34로 지하807,정자노연립 Z동 227호,018-785-3024,seoyeonu@example.com
이보람,88239,충청남도 예산군 봉은사177로 지하788,민수박마을 123호,043-559-8137,gimgyeonghyi@example.net
김지연,52071,전라북도 구리시 잠실가 58 (명자서장동),채원김마을 309호,052-193-4782,doyun28@example.net
서지은,95104,서울특별시 노원구 삼성1로 848 (혜진박마을),성민백빌라,010-1360-5717,yeongja62@example.net
최성진,56163,경상남도 양구군 개포8가 97-23 (종수장동),상현이한타운,019-736-8347,yejuni@example.org
신준영,83263,인천광역시 강남구 압구정로 지하206 (진우김김면),광수차타워,061-538-8049,minseoggu@example.com
홍영수,75024,충청남도 구리시 잠실198길 977,영식허박타워,041-127-1144,eunseo42@example.com
황성민,77284,제주특별자치도 평택시 테헤란175로 283 (예원배리),지민조빌라 O동 150호,062-736-6420,ogja65@example.org
김준서,10949,서울특별시 강동구 봉은사9거리 243 (민재최읍),영일안연립,019-733-6435,hyeonjun60@example.org
김서현,85085,경기도 금산군 오금70로 177,서윤안연립,052-324-1341,yejimun@example.com
김성호,65195,부산광역시 도봉구 강남대86가 지하720 (시우김동),지우황김연립,042-173-7470,dohyeon25@example.net
윤경희,68523,광주광역시 노원구 삼성8가 117-32,민서안문타운,053-654-4969,jiyeon71@example.net
곽지은,91810,충청북도 보은군 강남대8길 883,영자최아파트 Q동 559호,017-522-0905,yeweon28@example.org
김서준,66724,부산광역시 도봉구 논현6거리 999 (정호이이동),현주김마을 U동 703호,018-050-7828,gyeonghyi49@example.org
이현우,71517,대구광역시 도봉구 서초중앙로 791,성진김지타운 H동 407호,033-519-4055,mseo@example.org
김성민,63155,서울특별시 노원구 영동대066길 881 (은지손김면),하윤김장아파트 Z동 366호,064-795-5871,seunghyeon31@example.com
장명숙,28856,세종특별자치시 서대문구 잠실1가 946,은주박송타운,033-169-3319,ijuweon@example.com
김서현,52297,서울특별시 송파구 서초중앙3가 422 (지후이백리),하윤하김마을 549호,018-105-2189,jeonghun33@example.com
나선영,04969,울산광역시 용산구 반포대3로 743 (영일임면),예준이민타운,042-914-0307,qson@example.com
박춘자,20646,서울특별시 송파구 서초대35로 418,은주김이타운 I동 133호,041-831-5685,hyeonuju@example.net
김영수,58263,충청북도 수원시 장안구 학동896가 768,영미최김타운 B동 423호,010-1260-3359,minseohong@example.com
강정자,52587,강원도 진천군 역삼가 461-50,수진김박타운 673호,031-203-8169,oyun@example.org
장성진,27719,경상남도 평택시 봉은사로 331-99 (영순한윤마을),성수고양마을 P동 882호,032-962-2739,yeongjinca@example.com
김정호,47250,울산광역시 종로구 영동대가 880 (도현이리),동현백김마을 08동 495호,052-816-8585,hayunbag@example.org
김현정,73818,대전광역시 강동구 백제고분50길 159-26,영수권타운 U동 739호,017-419-6994,mi@example.com
최경자,99217,충청북도 용인시 기흥구 강남대74거리 914-73,하은박장타운,063-768-1500,qgim@example.com
이도현,52625,세종특별자치시 서구 언주거리 113-52,채원이이빌라,010-3329-9860,yeongja96@example.org
김서윤,32289,울산광역시 금천구 양재천거리 480,준혁김타워 바동 256호,02-0308-0187,abag@example.com
윤현주,97072,경기도 부천시 오정구 석촌호수거리 지하851,민재김연립,02-1535-6911,ryujihun@example.com
한영길,38001,충청남도 이천시 삼성길 169-9 (명자김면),진우송아파트 929호,011-061-9605,gimjaehyeon@example.net
최준혁,79141,대구광역시 중랑구 강남대거리 691-54,현우이심아파트 386호,033-971-1219,mgo@example.net
박현주,23746,전라남도 삼척시 역삼553거리 905-50,상현황최빌라,017-882-0110,jimini@example.org
김재현,58624,울산광역시 종로구 테헤란로 148 (은서최김리),지영양아파트 723호,016-377-8580,seonyeonggo@example.com
서경숙,18991,강원도 횡성군 선릉730길 758 (영호박김읍),상철김연립 바동 243호,041-937-4886,osong@example.com
배광수,75624,충청북도 계룡시 백제고분05거리 980-49,지영김연립 S동 104호,043-702-5915,gimsanghyeon@example.org
박준영,99806,전라남도 용인시 석촌호수077가 436 (지아엄면),하윤강이연립 490호,043-055-3104,yeongsun06@example.org
최영수,34757,광주광역시 도봉구 서초중앙8거리 566 (승현김정면),예원김박타운,042-569-0041,miyeong81@example.org
이지연,93153,광주광역시 도봉구 양재천6길 753-46 (영자고손읍),영진류연립,044-864-2955,sugja02@example.org
오영수,90754,대구광역시 강서구 논현가 535 (하윤박마을),광수안마을,010-8117-4898,jihyeson@example.net
고주원,70060,광주광역시 금천구 삼성2거리 지하709 (준호김이읍),성수김연립,019-810-8625,qgo@example.com
송정호,97850,울산광역시 은평구 서초대682거리 333-73,현우이마을 560호,055-423-2138,ogjai@example.org
최서윤,74574,대구광역시 관악구 봉은사0거리 880,현준이아파트,011-459-3508,gimjiyeon@example.com
김예지,12608,경상북도 성남시 중원구 역삼40로 992 (경희이윤읍),영환고김타운 U동 645호,054-707-8512,hayuni@example.net
양지영,99720,부산광역시 금천구 개포길 34-74,성수이진타운 841호,031-903-7328,yeongsun90@example.com
박미정,97247,부산광역시 성동구 학동08길 834 (경수이안마을),유진박김연립 P동 585호,032-154-2186,ohaeun@example.org
백민수,34283,경상북도 화천군 잠실로 425,성훈김타운 S동 192호,017-835-2333,seongsuan@example.org
김상현,83317,충청남도 정선군 서초대45거리 127,보람송타운,070-5486-0999,jeongsugi@example.com
김현숙,77135,세종특별자치시 서구 논현947로 177-59 (경수윤서리),정웅송마을 219호,019-745-0999,jeongho55@example.net
최승현,08513,서울특별시 성동구 테헤란17길 204-92,경숙박김아파트,033-436-5266,seojunan@example.net
김건우,40213,전라북도 아산시 석촌호수2길 951-89,현우이마을 A동 621호,063-893-8830,ison@example.org
김윤서,80741,광주광역시 종로구 가락거리 658 (유진김리),미영구이연립 333호,061-647-6783,sujin15@example.net
엄재현,87336,전라북도 용인시 기흥구 오금가 394-29,예은이박타워,063-926-6771,tyun@example.com
이보람,87845,경상북도 보은군 개포로 지하391,민석우아파트,042-947-7277,gimjeongung@example.com
박영자,34481,강원도 강릉시 석촌호수6로 지하333 (정웅박최읍),승민김이타운,064-771-5021,dgim@example.org
문종수,96655,부산광역시 마포구 개포길 지하639,유진송이빌라,02-8340-2452,coeyeongjin@example.net
김선영,10970,대구광역시 북구 반포대227길 지하334,순옥박김빌라 마동 930호,053-452-0129,jieungim@example.org
박성훈,29456,세종특별자치시 성북구 양재천859거리 지하819,현정박빌라 B동 892호,017-768-1679,seongmin37@example.net
김은지,72888,경기도 동해시 석촌호수거리 603 (영숙김이동),영순박타워,070-3061-7393,yeongilbag@example.net
김수빈,96077,울산광역시 동대문구 압구정로 지하291 (서윤김마을),영식안강빌라,070-9473-3615,zgim@example.net
김보람,93146,세종특별자치시 종로구 개포로 963,미경윤타운 H동 435호,033-099-5416,jeongsigcoe@example.com
이은지,06058,강원도 동두천시 압구정로 357,정순최연립,011-309-0008,bagseongho@example.net
김정호,24732,전라남도 제천시 양재천09거리 760-78 (순옥고리),혜진이박빌라 Y동 799호,054-814-1958,yeongsug87@example.org
김은영,32184,서울특별시 성북구 반포대86길 693-48 (상현송김면),예지김타워 469호,043-174-4173,gyeonghyi24@example.net
박지현,10249,세종특별자치시 구로구 양재천거리 978 (정식김안리),정순홍박타운 R동 940호,044-237-3772,yeongjaha@example.net
성지우,20354,경상북도 수원시 서초대0가 93-74,정웅노연립 725호,054-328-6023,aheo@example.org
김성훈,81687,부산광역시 성동구 개포88거리 699 (서연이김읍),미영진한타운,055-612-6536,seongho01@example.net
김옥순,69343,전라북도 용인시 선릉로 244 (서준김동),진호김지연립,054-153-5944,bagjungsu@example.net
윤경자,89632,제주특별자치도 용인시 처인구 석촌호수1길 889-76,성현이아파트 278호,052-429-6229,hi@example.com
우승민,99392,충청남도 안산시 상록구 양재천4로 113 (보람백읍),시우이빌라 090호,055-685-5054,sangceol55@example.net
류영호,81071,강원도 용인시 처인구 강남대62로 990,영순박김마을 U동 076호,051-109-9320,geonubaeg@example.net
박지후,04121,제주특별자치도 안양시 서초중앙길 203-37 (현지김최읍),명숙전마을 G동 416호,063-202-9806,bagogja@example.com
이하윤,81090,충청북도 서산시 삼성69길 428-39 (예준이면),광수김빌라 405호,031-391-5774,goseongho@example.org
안선영,17389,대구광역시 도봉구 서초대거리 10-94,현우고심마을 613호,043-198-1638,ci@example.net
박주원,99959,대전광역시 양천구 서초중앙로 347,미정유박마을 287호,055-755-3125,vgim@example.com
안명자,01351,광주광역시 강남구 언주길 253 (채원김이읍),예지김마을,054-948-8323,gimjeongja@example.com
박서준,80687,세종특별자치시 용산구 잠실거리 908-93 (영철박전읍),하윤이타운 386호,019-948-3274,cunja53@example.net
홍영진,49358,광주광역시 은평구 삼성7로 751 (현우이읍),영순안주빌라 H동 572호,062-756-7267,yunjaeho@example.com
김서현,25515,대전광역시 구로구 석촌호수88길 583,경자김연립 915호,016-145-4851,minjun02@example.org
이영미,53742,인천광역시 남구 압구정길 지하902,미숙안이타워 633호,033-112-8912,yeongho64@example.com
김은서,80475,대구광역시 중랑구 학동길 285 (서연박마을),영희김아파트 608호,017-796-8394,seoyeongo@example.net
김지영,59802,울산광역시 서대문구 도산대18거리 13-62 (현숙윤면),지훈최전타운 865동 876호,053-631-0052,hyeonjeongsong@example.net
김예진,25444,대전광역시 노원구 강남대2로 754 (동현서리),영수김빌라 143호,055-253-8857,yeongjai@example.com
류은정,21937,대구광역시 양천구 오금32길 525-87 (유진백리),지영박빌라,052-473-7154,agim@example.net
김미정,67915,경기도 양양군 학동10길 916,명자김타워 Q동 489호,016-572-7833,gimeunju@example.org
김지영,02294,전라남도 용인시 테헤란6길 431-69 (재현김마을),재현김박타운 바동 900호,070-8869-5901,gimgyeongja@example.org
김정수,34169,세종특별자치시 양천구 테헤란로 128-51 (지영김리),지민최타워,051-886-6751,hyeonju28@example.org
이성민,10318,대구광역시 관악구 서초대거리 758-68,지혜장빌라,043-763-6489,tsong@example.com
허서현,95627,제주특별자치도 인제군 도산대2길 326-49,민석류빌라,018-426-5134,jeonghyi49@example.org
박건우,45340,서울특별시 남구 삼성409길 47,서연김오타워,016-305-5830,gimmyeongsug@example.com
윤영진,55573,경기도 옥천군 석촌호수8거리 602 (은지허김동),정웅강연립 372호,031-450-0347,coehaeun@example.com
최영미,33314,인천광역시 광진구 백제고분75가 364-22 (옥자한김리),광수구연립 Y동 704호,052-011-7821,jangseoyun@example.org
고수진,13612,경상남도 천안시 서북구 오금673로 330,도윤이타워,011-112-7512,vu@example.org
한상철,16144,서울특별시 영등포구 봉은사94로 24-60 (정희김읍),병철이이마을 R동 198호,044-695-0252,qgim@example.com
김영숙,26101,대구광역시 강남구 압구정203로 346-56,현숙박이타운,016-873-1213,juweon13@example.net
강재현,20828,울산광역시 남구 가락358로 188,채원박강타워,044-471-4225,bagjeongsu@example.org
최승민,61674,전라남도 포천시 도산대길 343-25,서윤박타운,052-033-1931,gimjimin@example.org
최진우,75989,전라남도 김포시 영동대로 966,현준이빌라 O동 665호,018-264-1399,eunseoi@example.com
이옥순,37153,경상남도 부천시 원미구 오금거리 436-10,병철전차마을 F동 304호,061-032-7565,zmin@example.org
김민수,62713,강원도 안산시 단원구 논현807길 791-70 (민석박마을),종수이문아파트 V동 838호,062-118-0669,imijeong@example.net
이준영,24179,충청북도 속초시 학동38길 344-46 (경수박면),성호윤배아파트 130호,042-817-4400,esim@example.net
김광수,99702,강원도 동해시 오금114로 138 (정식박동),영식이빌라 Q동 204호,019-256-0415,bagyunseo@example.com
송성호,09937,인천광역시 광진구 삼성로 526,영철서아파트,033-540-2043,junyeong60@example.net
양상호,62573,강원도 속초시 오금길 306,순자권김아파트 899호,063-221-8504,hyeonjucoe@example.org
김준호,17389,울산광역시 종로구 반포대로 336-70,지후홍김타운 다동 372호,02-7164-5412,hyeonsugbag@example.com
권서준,26727,충청남도 군포시 개포3로 733,성호김타워 082호,019-598-6652,si@example.org
이보람,98212,대전광역시 구로구 압구정로 683-32,수민박아파트 Z동 243호,031-234-0716,songsunja@example.net
백명자,98595,서울특별시 은평구 개포로 778-64,민재정송타워 534호,053-821-2828,hyeonsug73@example.net
김경숙,28097,대구광역시 관악구 논현211로 지하721,은경강김빌라 131호,055-563-5751,minseog89@example.net
장정수,54449,경기도 고양시 덕양구 양재천61가 838,승민이서빌라 332호,032-337-0166,borami@example.com
이은서,60820,경상남도 연천군 석촌호수거리 139,경숙양박타워 O동 928호,054-559-3714,hanyeongsug@example.com
김유진,38916,경상북도 하남시 서초대가 666 (영일김면),서윤김타운 003호,042-609-4198,hi@example.net
이은정,33611,강원도 의왕시 역삼6로 863-73,진호권아파트,033-723-1296,byeongceolyu@example.com
윤혜진,21651,강원도 용인시 학동390길 지하9 (지혜황마을),미숙김빌라 G동 391호,070-4715-5824,minsusong@example.net
백준호,24414,세종특별자치시 북구 개포2로 333 (서연김동),명자이마을 593호,033-350-2754,egim@example.net
김도윤,84647,부산광역시 강서구 학동로 954 (미숙이리),도윤양류타워 628호,061-884-8090,yueunyeong@example.com
김상훈,92443,서울특별시 금천구 논현로 940-33 (성훈강김리),유진이연립 760호,019-381-8111,iyeongil@example.org
조은주,92197,전라북도 평택시 가락6로 830-36,정훈최이빌라 O동 072호,042-780-7110,anseoyeon@example.net
김성민,86179,광주광역시 양천구 영동대4가 232-48,은영박타운 Q동 269호,042-322-6747,hanhyejin@example.org
심보람,89299,대전광역시 은평구 개포거리 166-84 (윤서이진면),준영안연립 Z동 379호,062-258-3955,geonu70@example.net
이서준,90447,인천광역시 용산구 논현가 693 (정식유면),중수김문빌라,055-471-2722,jungsu00@example.com
노정훈,96956,충청북도 음성군 오금60거리 838 (지은홍윤면),서윤김타운,041-115-4900,gimjeongsug@example.net
김순옥,60299,대전광역시 강북구 서초대가 지하793,영미박타운 F동 942호,031-749-6224,kyang@example.com
김정수,35832,세종특별자치시 강서구 반포대6로 242-55,정남홍윤타운 B동 448호,064-775-2984,sangceol14@example.org
김영수,47128,충청북도 고양시 일산서구 선릉44길 지하975,도윤송마을,017-068-6679,yeongsun69@example.com
김준서,94517,광주광역시 성북구 백제고분거리 410,서준김손연립 F동 925호,016-358-5032,bgim@example.net
송순자,49210,전라남도 동해시 개포로 38-18,경숙박아파트,064-765-8119,seoyeong31@example.org
박영호,36513,울산광역시 중랑구 테헤란5가 783,정호김마을 나동 016호,033-176-2820,yangjeongja@example.org
이준호,11218,대전광역시 강동구 역삼로 851 (영환이차면),경희김김연립 라동 624호,062-400-1259,qsong@example.org
최지연,18910,전라북도 보령시 삼성거리 지하114,영길송타운 177호,054-945-6330,eunyeongcoe@example.net
이정자,59969,세종특별자치시 은평구 테헤란6길 815-51,순자박빌라 572호,017-740-6405,fgim@example.net
윤미영,91348,부산광역시 광진구 반포대로 15 (지민이리),우진김타운,061-162-1339,hyeonju87@example.net
안중수,76125,인천광역시 동대문구 학동길 28-81,서준김타워,031-208-4273,yejigo@example.org
남영호,31576,충청북도 영동군 가락38로 794,현준김연립 594호,070-4040-2041,gimjaeho@example.com
이민준,34796,경상북도 안산시 상록구 강남대64길 675 (성수서이읍),진호조빌라,053-760-1387,odonghyeon@example.org
김옥자,98673,대구광역시 은평구 가락로 917 (영자백리),정자권빌라,017-075-7077,seohyeon13@example.net
강승현,48846,전라북도 용인시 수지구 양재천로 836,예은최타워 A동 939호,019-465-2236,byeongceolgim@example.com
송아름,85810,광주광역시 북구 봉은사로 262-53,지은노양타워 X동 562호,052-988-7133,myeongsug62@example.com
최서윤,06043,인천광역시 서초구 영동대54길 802-91 (영호주읍),지영강박타운,070-6104-5259,gyeongja57@example.com
김은서,03712,경기도 청주시 흥덕구 서초중앙로 648-73 (민서안동),동현박장연립,044-439-8790,kgim@example.com
진경희,93478,대전광역시 종로구 봉은사2길 343-45 (지은김김동),준혁한장마을 552동 594호,043-980-2613,ijeongsug@example.org
박민지,21699,부산광역시 동구 개포길 899-87 (명자장이동),정훈송타워,063-192-1293,hyeonjunjeong@example.org
김혜진,56499,전라북도 파주시 삼성0가 818,재호강아파트 480호,063-719-2318,sunogo@example.net
김도현,15771,전라남도 금산군 선릉거리 711,현지김연립 127호,031-971-7800,gyeongjagim@example.org
김옥자,58167,제주특별자치도 삼척시 가락거리 767,성민강허마을 299호,031-552-4860,minjunbag@example.com
이상철,42625,충청남도 청주시 상당구 강남대가 998 (진호오민동),현준박타운,061-636-4630,nim@example.com
권현준,46209,전라북도 부천시 소사구 개포9로 247,수진김양연립,019-746-2801,baegsiu@example.org
심준영,20729,충청남도 고양시 일산동구 영동대6로 지하357,영길김빌라 Q동 722호,055-319-4311,eunseobag@example.org
최진호,53062,강원도 포천시 테헤란0거리 761 (우진손읍),준혁이타워 M동 434호,031-617-6592,misuggim@example.net
김성수,69939,충청북도 원주시 논현69길 320 (지연성동),지연오빌라 U동 857호,052-175-6496,eunseo49@example.com
김서윤,56763,전라북도 청양군 개포가 794,미경최박마을 976호,010-0406-1667,gimeungyeong@example.org
이미영,83367,제주특별자치도 양양군 역삼8길 366 (성훈최이리),영환이이아파트 920호,019-789-3036,bgwag@example.net
박하윤,46341,경상남도 화성시 백제고분5길 163-47,시우이마을,016-275-6236,gimjungsu@example.com
김지영,51645,충청남도 부천시 소사구 도산대가 267-42 (예준황이마을),성훈김손빌라 625호,032-600-8592,nna@example.net
권건우,69385,광주광역시 송파구 학동326로 586-51,미숙류아파트 847호,062-862-4924,gimjeonghyi@example.org
강정남,27490,울산광역시 서대문구 백제고분거리 지하473,옥자김아파트,011-111-7064,jjeon@example.net
박경숙,71631,광주광역시 구로구 학동297로 772-61,동현주홍타워 가동 767호,011-515-6555,bagyeongsun@example.net
손정수,73395,경기도 용인시 압구정가 841-71,옥순김강아파트,031-841-5741,minsu04@example.org
오성호,98847,인천광역시 영등포구 테헤란7거리 857-44 (정자박면),정순이우타워 693호,044-832-0569,haeungim@example.org
장영희,49004,인천광역시 강남구 양재천길 73-2 (지훈안오리),혜진조한연립 243호,063-407-6564,hyeonji20@example.com
최승현,35899,광주광역시 양천구 잠실243로 732,지은황아파트 191호,070-7651-4182,yjeon@example.com
오영진,09460,경상북도 부여군 언주605가 575,영숙송타운,061-758-3896,jju@example.com
강건우,01964,전라북도 용인시 처인구 영동대504거리 672,성진김김타운 P동 024호,053-649-6147,yujeongsig@example.net
안성현,65413,충청북도 평창군 삼성가 849-88,경희윤타운 404호,053-377-3767,imiyeong@example.com
박도현,45841,경기도 용인시 수지구 석촌호수6길 609,은영김이타워,016-528-0609,yeongsuni@example.org
김상현,11002,부산광역시 노원구 테헤란008가 541,정호이박타워 S동 518호,064-775-6351,lmin@example.com
서정순,14696,경기도 인제군 가락72가 455,병철이타워,032-559-4936,yunsunog@example.org
김지후,57121,전라남도 부천시 소사구 삼성1로 지하336,지영박마을 H동 706호,019-895-2451,jihu68@example.com
안정희,03075,광주광역시 종로구 서초대거리 530 (영순김이리),진우박아파트 964호,054-516-6166,yeongsiggang@example.org
김서윤,73755,인천광역시 광진구 석촌호수041로 지하60,서윤윤김마을,011-283-1477,hgo@example.net
김정식,50081,인천광역시 동구 석촌호수615거리 930,지혜이연립,042-348-2918,coeyeonghwan@example.org
박지아,41309,제주특별자치도 청양군 도산대거리 991-16 (서현한이면),성호한김아파트 O동 846호,042-238-4148,hayungweon@example.net
이성현,56910,부산광역시 강북구 잠실8거리 지하94,상호곽타운 Y동 437호,043-714-2465,yeongmi93@example.org
송옥순,88528,인천광역시 성동구 논현로 349,승민박김타워,043-384-0643,yejiheo@example.org
서수빈,72334,강원도 파주시 가락269거리 665-99,건우강김빌라 654호,041-723-9692,jaehyeon88@example.net
최미정,81484,전라남도 이천시 압구정길 128-66,시우이장아파트,053-545-1894,yeongja58@example.com
이지우,85106,세종특별자치시 양천구 반포대거리 773 (민지박고마을),진우이최빌라 X동 163호,044-329-8755,sugjai@example.com
이명자,48797,전라남도 안산시 상록구 논현185길 699,동현김타운,044-347-3680,yeongsugjang@example.com
황옥자,17398,부산광역시 도봉구 반포대거리 846 (재호이김마을),유진김오마을,010-2009-3885,gimseongjin@example.net
고춘자,10552,강원도 부천시 오정구 잠실56가 851-42,동현최빌라 라동 891호,064-717-1413,juweonbag@example.net
최정식,26711,서울특별시 금천구 개포86가 지하704,경희이김타워,055-231-6233,ngu@example.com
진광수,18015,인천광역시 강북구 강남대길 390-6,상철박윤아파트,019-261-2107,yeongsig93@example.org
이정희,67094,강원도 고성군 반포대가 205 (수빈배동),준혁박김마을,011-313-6223,jongsuna@example.com
양성수,68963,광주광역시 동작구 논현5길 704-93 (영자오동),상철류박연립,018-347-6616,agim@example.org
서상철,04541,경상남도 수원시 영통구 압구정길 239 (예지주마을),서준지성타워 X동 066호,061-234-8474,iyeongil@example.net
김은정,21574,충청남도 청주시 흥덕구 잠실길 926-62 (지후이하마을),진호이타운 S동 750호,061-659-2892,obag@example.net
이성진,45726,충청남도 가평군 영동대길 706-9,영자박타워 R동 439호,043-315-1430,abag@example.org
홍영숙,70062,광주광역시 양천구 석촌호수500로 429,지아배아파트 E동 116호,017-638-1767,coedonghyeon@example.net
김영숙,69912,인천광역시 중랑구 삼성18길 지하803,지은박타워 007호,010-7889-0256,jeongung76@example.org
김준혁,06647,대전광역시 용산구 도산대99거리 78,경희김전아파트 533호,044-731-9369,junseo99@example.org
최예은,59854,광주광역시 영등포구 테헤란로 689 (영희김동),도현김장마을 287호,061-202-2068,siu30@example.net
이민재,15863,경상남도 성남시 수정구 언주거리 749,광수이김타워 마동 056호,062-776-9647,ogim@example.net
이정웅,03772,인천광역시 송파구 백제고분로 814-69,순옥박마을 112호,019-176-2504,ibag@example.org
문지훈,95898,전라북도 용인시 반포대7길 977-8,민지김타워,062-834-0388,ccoe@example.net
김경숙,89663,세종특별자치시 중랑구 석촌호수길 지하484 (진우고김마을),영진최강타운 Y동 047호,054-791-6297,jungsugim@example.org
이은서,19789,경기도 부천시 언주70길 735-12,정자배박연립 630호,019-651-4463,jeongho05@example.org
배경숙,51580,경기도 부천시 원미구 가락거리 588,상철유타운 888호,010-9010-8329,eunjigim@example.org
김재현,65808,강원도 파주시 테헤란4길 904,승민송아파트 J동 495호,042-424-9582,yeongceol13@example.com
유경숙,00259,부산광역시 마포구 석촌호수로 571-41 (하윤배읍),동현김타운 D동 700호,053-773-2567,agim@example.com
김혜진,09931,광주광역시 광진구 삼성04로 783 (정식박이마을),광수주연립 96동 918호,018-060-5809,ecoe@example.org
이시우,65921,인천광역시 용산구 서초대10가 404,명자김김마을,055-973-0145,gwangsubag@example.org
신영수,48869,충청남도 고양시 일산서구 봉은사0가 951,은지류박빌라,042-923-8371,jangsiu@example.net
김경숙,53147,제주특별자치도 용인시 기흥구 양재천가 지하371 (예진이리),아름윤조연립,018-997-1264,sonjongsu@example.org
배예원,76629,세종특별자치시 강서구 테헤란길 283,준호김이아파트,064-775-7527,jeongsig19@example.net
이준영,13686,경상북도 용인시 수지구 백제고분326가 103,성현한빌라 876호,041-247-6640,gosangho@example.com
송수진,30227,경상북도 김포시 반포대로 516,윤서박최마을,055-659-4018,bagseungmin@example.org
곽보람,27936,제주특별자치도 연천군 잠실길 707 (미정이문면),경수양이타운 565호,044-358-8028,seongjini@example.com
김성훈,08504,광주광역시 종로구 봉은사46가 815-86,영희윤마을 754호,052-606-0875,yeongsun64@example.net
고경자,08723,경상북도 횡성군 백제고분8길 530 (영호박성마을),수빈김아파트 623호,017-992-9023,yeweon83@example.net
황지은,43564,충청북도 안산시 개포가 168-36 (지원이황읍),영일박지타워 012호,052-360-3933,seom@example.org
김상호,31370,전라북도 성남시 분당구 서초중앙737가 273 (준호최리),도윤김아파트 Z동 135호,053-788-2140,misugbae@example.org
양성민,73855,대구광역시 중랑구 잠실05로 지하782 (승현이동),지영박이타워 082호,064-784-6836,sunogi@example.org
김정숙,59178,전라북도 태백시 석촌호수거리 329-29 (은주남김리),서연강타워 U동 757호,061-087-6353,jiyeong16@example.org
권지연,23029,충청북도 고양시 덕양구 도산대가 583-76,상현김허타운 828호,032-815-3148,eunji25@example.org
지시우,13723,대구광역시 북구 양재천843길 940,민수양김타운 869호,031-950-2670,gyeongsug23@example.net
김지현,06940,세종특별자치시 서구 개포260거리 900-34,성호김아파트 368호,061-965-5612,baggyeongsu@example.org
노은주,64993,충청남도 부천시 원미구 테헤란539가 133-82 (준영차양읍),성수김빌라 F동 051호,052-115-4834,misugyu@example.com
안영일,51340,경상남도 수원시 권선구 도산대43가 198-96,종수양김아파트 바동 040호,019-826-9875,seojungim@example.net
오아름,25815,전라남도 고양시 일산동구 삼성59길 35-51,예지최마을 441호,031-495-8651,gangseongho@example.net
이정웅,41917,경기도 의왕시 삼성9가 812,숙자나아파트 365호,070-0644-2395,gimyeongsun@example.com
박혜진,09734,경상남도 성남시 중원구 서초중앙거리 624-61,민재한김타운 T동 846호,032-351-1177,yi@example.com
이상훈,31040,경기도 천안시 서북구 서초대026가 579,종수양안연립,041-687-3310,jeongsugbag@example.org
김경수,47832,충청남도 삼척시 강남대4로 479,서연이타워,062-360-1979,wi@example.com
서예진,77603,서울특별시 노원구 서초대가 953-15,은주이김연립,032-110-5791,jeonghyihong@example.com
전민재,47292,전라북도 용인시 처인구 영동대55길 268,예지김아파트 702호,016-349-6825,nsong@example.org
김상현,49455,전라북도 군포시 도산대494가 383-83,영미김연립,019-577-6365,seunghyeon10@example.net
김경희,87178,경기도 계룡시 잠실거리 789-37 (건우장김읍),은주강연립 L동 626호,052-918-7248,igyeongsu@example.com
박지혜,98957,전라북도 태안군 양재천81길 869-99 (민준김면),보람권연립 가동 316호,070-6195-1250,bcoe@example.net
김동현,60532,서울특별시 용산구 삼성길 554 (정순윤구면),영철박김연립,052-306-1375,wbaeg@example.com
서숙자,69620,제주특별자치도 영월군 개포거리 지하756 (유진이김리),채원지빌라,055-895-9509,jinho45@example.com
윤예원,84557,경상남도 삼척시 오금455가 795,민석박연립,053-388-1228,ri@example.com
문준혁,96764,대전광역시 노원구 강남대84거리 995-36,준호서빌라 J동 159호,044-897-6720,eunyeong53@example.com
오미정,16512,강원도 양주시 서초중앙가 261,미경권김타운,054-901-4620,yejun65@example.com
전민준,38203,대구광역시 종로구 반포대0가 지하657 (상철이김읍),서영안타워 814호,064-760-6306,yejunbag@example.com
김상호,61670,인천광역시 성동구 서초중앙628거리 686 (은주윤고읍),지아김송아파트 982호,051-903-5918,seonghyeon11@example.com
이지후,07091,인천광역시 동대문구 개포거리 328 (서영강한읍),정순박고타운 D동 313호,064-719-1729,yunyejun@example.net
진민석,58482,충청북도 안산시 상록구 반포대가 545-90 (정호강리),지민김이아파트 720호,011-926-3924,bagjeongnam@example.org
남동현,58482,대구광역시 성북구 개포676가 883-88 (영일김강면),영희황김마을 054호,016-267-4616,donghyeoncoe@example.com
최아름,72964,광주광역시 용산구 백제고분7가 536 (숙자엄김리),정숙김마을 406호,055-473-8247,geonuhan@example.com
오은서,20537,세종특별자치시 구로구 반포대966거리 846-39 (진우김김리),선영김타워,063-429-4521,yeji64@example.com
최민재,62121,인천광역시 송파구 강남대58거리 360-75,승현이연립 H동 911호,041-078-8205,kan@example.com
문지민,80836,광주광역시 강서구 논현909길 684 (광수구심마을),지원김김빌라 N동 387호,018-219-9575,hongareum@example.net
이윤서,34886,광주광역시 관악구 가락길 516,영길김타워,018-697-4266,jia63@example.org
박미정,68802,충청북도 고성군 학동24거리 317 (성수양권리),예은최김타워,018-881-3867,yeongsun52@example.org
강보람,69051,경기도 속초시 테헤란02로 909-33 (현숙김면),선영이타워 369호,02-7769-7041,bagminjae@example.com
이중수,65581,대구광역시 성동구 개포거리 364-97,보람박강빌라 V동 013호,019-477-4493,minseo18@example.net
안경자,63866,세종특별자치시 동작구 반포대거리 368,순자서김아파트,016-407-3233,oi@example.net
김영식,16370,인천광역시 관악구 백제고분가 43,영진오하마을 37동 647호,064-708-0264,yangyeji@example.org
장정호,17432,경상남도 고양시 일산서구 삼성5거리 476 (선영주마을),수진이타워 410호,054-782-8094,gyeonghyibag@example.com
허정호,18297,인천광역시 구로구 테헤란길 806,영호김타운 J동 288호,041-671-6397,iseungmin@example.net
문민재,69410,강원도 정선군 테헤란가 643 (성훈박구리),서영오연립 V동 898호,042-259-9255,bi@example.net
최수빈,98706,전라북도 서산시 삼성가 477 (영환이마을),병철최마을 P동 206호,011-122-3400,yeongsug79@example.org
이정호,62092,대전광역시 노원구 봉은사거리 317 (현숙박리),지현문신아파트 179호,053-104-9349,gimjunhyeog@example.com
지아름,31435,부산광역시 서대문구 서초대48거리 371 (유진박읍),영식심이타운 456호,043-111-7038,jangdohyeon@example.net
이하윤,85761,인천광역시 성동구 테헤란294거리 894-59,정훈김이타워,055-436-9595,seoeunseo@example.net
김아름,76976,광주광역시 서대문구 도산대길 612-85,승민김김타운 A동 598호,010-6592-2549,jia35@example.net
곽동현,08659,대구광역시 중구 봉은사404거리 215 (미영권오동),지후이황빌라 924호,055-712-7323,yeongceol77@example.com
김현지,86293,광주광역시 성동구 압구정로 지하396 (지혜이손리),정수허빌라 J동 987호,043-299-2064,jeongsugim@example.org
김우진,12893,광주광역시 영등포구 잠실887로 935 (예원백리),성호이김아파트 F동 055호,018-314-6692,coeseoyeon@example.net
최정남,30193,강원도 진천군 석촌호수646가 995-96 (미영조이동),예준박이연립,017-480-9512,jihyeon75@example.net
김성현,04057,서울특별시 영등포구 삼성383길 지하430,순자이아파트,062-946-8119,jinho45@example.com
노수진,45477,광주광역시 은평구 학동1거리 161-91,영길이빌라,011-160-3931,ijeongsug@example.org
문지혜,04565,인천광역시 양천구 삼성길 796,민수이연립 195동 449호,052-657-9797,oi@example.org
이주원,01249,대구광역시 중구 논현685거리 890-86,정순김황타워 597호,042-355-0403,egim@example.com
김지현,72975,대전광역시 성동구 서초대로 209,영희김빌라 971호,032-860-5827,minseoggim@example.org
임상철,18262,충청남도 정선군 선릉23거리 792,정자문빌라 P동 723호,054-677-1543,yeonghwangim@example.net
박우진,45081,울산광역시 양천구 서초중앙로 436-55,정훈최연립 나동 953호,062-422-3268,yeongil92@example.net
장준혁,17080,세종특별자치시 성동구 강남대48로 820 (준서이이읍),현주김박마을 60동 595호,062-786-9749,yeongjin07@example.net
임경숙,87185,세종특별자치시 남구 논현5로 지하769,지연김빌라 Z동 788호,064-745-1693,sangho78@example.org
윤성훈,51115,세종특별자치시 구로구 반포대42가 479 (서준이김마을),영길박강아파트,042-236-3033,seonyeong51@example.org
나성훈,32400,경상남도 수원시 삼성거리 165,영환류김타워,018-895-3210,pbaeg@example.org
임민수,06263,제주특별자치도 수원시 권선구 강남대거리 570-35 (영길이홍동),예진김빌라,019-238-5953,yeongsug09@example.com
박정훈,05603,충청북도 안산시 상록구 봉은사가 255-5,정숙김이빌라 W동 582호,070-1532-6633,sanghyeon21@example.com
김영일,09853,충청남도 태안군 개포691길 135 (예원서동),지민고박빌라 040호,018-503-3838,gimjihyeon@example.com
이영미,69628,제주특별자치도 연천군 가락길 지하780,미정김이타운 X동 158호,051-787-9925,caeweon40@example.com
김미정,67992,인천광역시 강서구 반포대879거리 749,광수안빌라,064-762-0512,goseongho@example.com
이승민,43348,부산광역시 강북구 잠실거리 지하755 (현주권동),영철이김타운 I동 148호,062-849-6456,seunghyeoni@example.org
권예원,32537,울산광역시 송파구 봉은사거리 452-93 (종수이차동),명숙조이타운 937호,019-512-3359,hyeonjiryu@example.com
이서현,20787,제주특별자치도 홍성군 가락거리 273-21 (보람박면),광수박타워,033-714-2899,yeongsig04@example.net
김영수,31275,충청남도 공주시 압구정가 984-80,상철안마을 마동 432호,011-941-5996,vi@example.com
김지현,84553,대전광역시 마포구 영동대길 864,성진박아파트,070-7078-1958,gyeonghyigim@example.org
송채원,01196,세종특별자치시 성동구 삼성8로 753 (상훈김동),민석홍박빌라 006호,044-370-8317,gimyeongmi@example.net
윤영철,39206,전라북도 용인시 언주93가 460-89,하은주박타운,054-524-9127,hyeonjugim@example.com
김영철,31969,경상북도 보령시 학동47가 766 (예원임김마을),광수김빌라 G동 122호,02-7357-5285,ijunyeong@example.org
장주원,65212,대전광역시 도봉구 반포대5로 784 (현우김최읍),미숙김이타운,064-748-3785,yseo@example.org
권지원,52782,광주광역시 금천구 가락거리 650-45 (영자차읍),성진이타워 769호,010-0697-6242,gyeongsu47@example.com
김진우,68362,서울특별시 동작구 오금02로 213 (민수김읍),준서김연립,053-698-1797,hgim@example.com
이지아,51990,서울특별시 서대문구 봉은사거리 188-18,하윤손김마을 I동 478호,061-538-5241,gangmisug@example.net
김혜진,95809,제주특별자치도 진천군 테헤란길 22,순자이연립,061-508-6578,gyeongsu72@example.com
이윤서,43058,대구광역시 관악구 잠실44거리 549-1,은정이김타워,053-479-9284,coeareum@example.org
김경숙,51914,인천광역시 남구 선릉1로 268-84,현준최연립 018호,064-797-8295,gimsujin@example.com
홍지연,08448,대전광역시 마포구 논현528가 796-91 (서영이서동),지은김마을,031-999-0208,seonghun80@example.com
김지후,59043,전라북도 오산시 역삼57길 342-87,영순김타워 025호,053-348-8301,caeweongim@example.com
최은경,09839,제주특별자치도 과천시 삼성길 471,정순김아파트 719호,02-4925-9679,jeongsig79@example.com
김상호,10112,전라북도 영월군 석촌호수30로 434-88,성호김박빌라 511호,018-380-7436,wi@example.net
양진우,57305,광주광역시 중구 강남대거리 328-77,민수한빌라 193호,061-056-0916,yeeun43@example.org
남광수,26034,충청북도 광명시 논현733가 494-88 (현숙박읍),지은김이타워 485호,018-647-9117,yeongceoli@example.org
이유진,50070,광주광역시 양천구 백제고분길 511,예은김이타워 W동 889호,064-772-0431,sgim@example.com
허동현,50683,전라북도 보은군 선릉413거리 768 (지원박마을),정남김박타워 G동 553호,018-490-5555,seonghobag@example.org
한정호,72298,세종특별자치시 성동구 반포대7가 339 (영환이김리),지원송빌라 675호,054-227-8791,imigyeong@example.com
김종수,60444,경상북도 논산시 삼성7로 92,유진곽연립 W동 540호,063-431-3038,ucoe@example.net
조예지,34584,충청남도 정선군 압구정로 587-27 (은영최김리),정식손이연립 282호,062-922-7369,po@example.com
이옥순,15253,전라남도 부천시 논현로 174 (영진이송마을),서준김최타운 L동 953호,052-901-3471,gimjeongja@example.net
양영숙,21742,경상북도 광주시 역삼로 614-28,영철김오연립 라동 447호,063-407-6130,gweonsiu@example.com
오지은,54568,울산광역시 서초구 압구정93가 696,영길유아파트,016-802-7365,sanghyeon29@example.net
박시우,57706,전라남도 고양시 역삼가 212-83 (명자윤동),유진김김연립 나동 480호,070-7688-1203,xi@example.net
이춘자,50789,대전광역시 은평구 역삼거리 557,영숙김최타워 G동 721호,019-086-7867,baggyeongsug@example.net
김도현,83856,울산광역시 양천구 언주6가 643-29 (준서고이마을),주원최아파트,02-1067-6929,jeonghun88@example.com
이채원,57025,경상북도 안산시 단원구 서초중앙가 528 (영희이동),은영박이타워 P동 840호,062-549-7331,jeonghyi29@example.com
조숙자,51679,경상남도 양평군 테헤란가 176-12 (정식이김읍),민석엄타워 C동 337호,032-406-1730,geonu63@example.net
박영환,95120,세종특별자치시 강북구 논현382길 756-7,영미김박타운 719호,064-725-5774,pbag@example.org
배지원,66642,충청남도 고성군 삼성거리 731,서연김타워 B동 567호,011-611-0440,bbag@example.net
박수빈,79289,서울특별시 강남구 강남대길 82,영미황아파트 050호,019-512-5337,dson@example.net
이영식,28483,대구광역시 남구 양재천로 20-69 (재현류이동),진호한한빌라 X동 640호,031-341-4755,iyeongsig@example.net
박예준,11195,제주특별자치도 하남시 양재천2로 540 (도윤정마을),미정박노빌라 950호,055-286-3840,gimgwangsu@example.com
김주원,80474,경기도 평창군 강남대838길 390-87,춘자황김아파트 K동 824호,062-830-5145,xan@example.net
김준혁,11197,세종특별자치시 은평구 도산대03로 781-32,정웅김김타워 W동 102호,051-332-8422,gyeongsug66@example.net
문춘자,45851,강원도 안양시 동안구 언주713길 지하619,영숙최윤타운 U동 269호,062-761-8971,migyeongbag@example.org
성준영,29737,대구광역시 노원구 백제고분가 942-17,영진홍연립 D동 694호,019-611-4781,jangsiu@example.net
최은정,30905,세종특별자치시 용산구 오금거리 599-17 (수민허동),정웅김류빌라,019-409-6560,seojuni@example.net
이명숙,15810,제주특별자치도 오산시 가락520가 806 (준호김박읍),은주곽아파트,053-925-6569,hyejinyun@example.org
조정남,84359,경기도 아산시 언주로 117-12 (지연최면),서영지연립 G동 863호,010-7937-1659,ansangho@example.com
김영철,02915,인천광역시 강서구 서초대4거리 지하882 (정숙류박읍),재현송연립,042-602-1875,baghyeonu@example.com
김명자,57750,충청북도 안산시 상록구 양재천거리 303,경숙강마을 011호,051-298-0297,xo@example.com
김영진,77594,부산광역시 용산구 논현116길 866,예은황빌라,055-572-3459,jiyeong70@example.org
최지연,06496,세종특별자치시 중랑구 영동대4길 282-43,지원이빌라 451호,052-000-0406,cayeonghyi@example.com
이승민,98436,인천광역시 도봉구 가락2로 132-81 (건우김동),준서이고빌라,062-263-6520,oi@example.com
손민준,05832,전라남도 양구군 논현로 720-35 (예은안동),현숙박타운 R동 175호,053-564-6423,sgim@example.net
배옥순,25017,강원도 수원시 장안구 서초중앙94길 582-8 (민재김리),수빈김류연립 985호,044-179-6718,gyeongsugim@example.com
최서현,77399,울산광역시 동작구 봉은사23가 660-72 (수민이마을),성현이빌라 404호,032-021-1675,seungmin18@example.com
박정식,10551,충청남도 태안군 백제고분125로 지하15,동현지마을 Q동 163호,063-467-5077,gimogsun@example.com
최예원,84916,인천광역시 성북구 영동대가 799-85 (영숙주면),성진문이타워 R동 761호,054-341-4637,sumin02@example.org
강영호,40821,인천광역시 서초구 개포길 569 (영숙박읍),동현김장빌라 A동 464호,019-464-3740,seojungim@example.org
이정호,59058,부산광역시 서초구 개포거리 349 (영철박김동),아름이정빌라 D동 004호,053-897-3689,seoyun01@example.net
박성현,32005,경상남도 예산군 압구정가 515,은지김박빌라,041-555-6581,wan@example.org
김현정,95632,울산광역시 중랑구 양재천로 591,상현이마을 Y동 947호,019-260-4573,gimsujin@example.org
김지우,44792,충청북도 인제군 반포대8가 24,시우곽김타워 588호,054-641-1980,sbag@example.net
문주원,08624,서울특별시 동작구 석촌호수4길 362,주원백타워 U동 349호,010-8264-4821,minjun06@example.org
박하은,83034,경기도 남양주시 역삼가 795-77,미영박타운 304호,041-456-8308,yejun41@example.com
장서현,94720,경기도 용인시 강남대가 668-86 (채원박마을),영순김김아파트 I동 160호,063-287-4168,ui@example.org
안경숙,25173,인천광역시 서구 논현길 지하773,예준안황타운 496호,02-0270-3599,dhwang@example.org
윤경숙,36193,충청북도 성남시 분당구 서초중앙891길 917-40,도현이빌라 W동 654호,043-669-0052,yejinseong@example.com
홍도윤,25220,서울특별시 은평구 오금473로 622,준혁박김아파트,044-006-1063,yeongjinryu@example.com
박채원,34009,세종특별자치시 동대문구 도산대거리 지하98 (상호이박마을),정희한마을,063-320-3188,imyeongja@example.com
하예진,44398,강원도 청주시 청원구 양재천4길 155-95,은정오김마을,033-738-0905,yunseo07@example.com
최상훈,52454,충청북도 아산시 석촌호수5길 921-11,승현하아파트 168호,041-390-5468,seoyeong42@example.org
이재현,19566,광주광역시 은평구 오금0거리 251,영진문유빌라,062-762-9472,isanghyeon@example.org
이현우,28013,세종특별자치시 동대문구 잠실거리 896,정순안오아파트 H동 716호,044-125-4789,iseonghun@example.net
김예은,17208,제주특별자치도 괴산군 학동가 527-56 (영희박김면),민석이윤빌라 182호,051-167-5999,myeongjai@example.net
이선영,20759,강원도 고양시 일산서구 강남대거리 501-20 (영진김김읍),영환황아파트,055-830-7244,donghyeon84@example.com
최유진,66419,제주특별자치도 단양군 잠실82길 298-82 (승현한박읍),서연이아파트 S동 879호,051-435-8207,yeweongim@example.com
송영자,31108,전라남도 성남시 분당구 도산대3길 13,지후이이아파트 L동 563호,051-099-4695,ojinu@example.org
윤영철,70870,부산광역시 용산구 오금49로 533-34 (하은오면),영진김아파트 73동 033호,061-546-9117,seongyeongsig@example.org
홍재현,89484,제주특별자치도 횡성군 서초중앙로 523-44 (종수안면),민지손마을,052-953-4861,ryujunseo@example.net
한영수,48561,부산광역시 남구 양재천1길 337 (상현이리),은영김마을 T동 658호,062-364-1125,gimminji@example.net
성성수,44706,충청북도 수원시 영통구 반포대거리 43-14 (영순고리),영진김이아파트,054-310-9768,sujin37@example.com
강명숙,26065,광주광역시 영등포구 역삼길 86,우진윤장마을 553호,031-632-3224,hhan@example.com
김현준,91985,경상남도 고양시 테헤란로 329-2,경수송타워,063-589-1161,junyeongbag@example.org
홍준혁,40449,경상북도 양양군 언주거리 701-91 (우진박김리),미정김오타운 D동 721호,062-864-9016,jungsugim@example.org
최지은,56659,부산광역시 중랑구 오금로 지하228 (승현김리),옥자강타워,063-880-2152,dgim@example.net
김영수,17599,전라북도 금산군 봉은사252로 704-48,영환박박타워 X동 243호,064-707-5000,migyeong61@example.net
이상호,62671,세종특별자치시 중구 봉은사64길 655 (경희조리),수민김김연립 가동 443호,062-651-3466,seoyun34@example.net
조병철,92477,부산광역시 도봉구 반포대1길 143 (정순이서면),수진황최타운 343호,053-217-8074,agweon@example.org
이영순,70970,전라북도 평택시 도산대72거리 369,정호윤연립 099호,02-9199-0504,gimgyeongja@example.com
권채원,04141,대구광역시 금천구 영동대길 759-16,진호김손연립,044-314-2526,io@example.com
이정호,29076,전라북도 부천시 원미구 가락로 822-3 (아름최면),동현이김타운 880호,011-796-5619,gweonyejun@example.net
이민준,23451,서울특별시 강서구 삼성025거리 380,영일김빌라,010-3406-4056,jujeonghun@example.com
박종수,62200,세종특별자치시 동작구 테헤란40길 지하797,재현조김연립 B동 452호,053-857-7707,bagsugja@example.net
김영희,97818,전라남도 성남시 중원구 역삼거리 819-71,동현김손타워,011-929-7869,junhyeog80@example.org
권성훈,01661,세종특별자치시 용산구 반포대51가 953,명자양이타운 K동 427호,070-3287-4287,yeongjin11@example.com
민미숙,09997,강원도 충주시 논현로 705-7,예원이최타워 841호,042-685-1833,jeonghungim@example.org
송승민,85389,세종특별자치시 성동구 삼성610가 261-50 (경수김권리),지민이우연립 O동 037호,011-437-4446,hanminseog@example.org
최정훈,84906,경상북도 수원시 팔달구 봉은사거리 지하213 (지우나읍),예지김빌라 707호,043-770-9706,jihu77@example.org
김경수,30326,경기도 부천시 도산대거리 537-46,예지안타운,033-032-2406,gimjeongsig@example.org
정준서,10120,경상북도 횡성군 압구정756길 768-73,성호오타운 S동 860호,064-751-1171,egim@example.org
김주원,06398,충청북도 옥천군 서초중앙거리 34,지혜이이타워 J동 507호,054-949-8657,sanghun75@example.com
이영환,62665,광주광역시 용산구 논현거리 지하448,선영박아파트,018-876-1237,zi@example.com
장영길,63924,부산광역시 서구 선릉29거리 지하912 (영철한읍),정수최이타워 492호,011-988-4521,xi@example.com
고준호,46280,광주광역시 강남구 봉은사가 321-46,서영서최아파트 Q동 056호,061-546-9731,sanghun71@example.com
김경숙,92604,인천광역시 송파구 선릉가 161 (영희최한동),성호손배타워 345호,063-629-9413,yeonghoi@example.net
장하은,09207,강원도 수원시 영통구 언주2로 952-68 (서현서김동),동현지타워,070-9508-5901,jangseoyeon@example.org
구준서,45296,전라남도 서산시 반포대8길 지하901,승민박마을,017-546-9360,li@example.net
김정수,34430,세종특별자치시 서초구 서초중앙길 959-40 (영수강마을),하은강타워 220호,063-947-9719,munmiyeong@example.com
최준호,17781,세종특별자치시 북구 서초대832거리 282,서윤권이아파트 U동 491호,031-657-8666,muneunseo@example.com
박건우,60597,부산광역시 영등포구 강남대가 521,민석김연립 F동 948호,033-064-9370,gimogja@example.com
이준호,61484,대전광역시 중랑구 압구정로 지하388 (성진차읍),상훈오빌라 655호,010-3514-6787,songjeonghun@example.net
최정순,53876,제주특별자치도 인제군 반포대로 221,춘자김허연립 332호,055-353-0407,ijeongsun@example.net
박지혜,55158,울산광역시 중랑구 백제고분가 113 (수민홍읍),옥자최김연립,042-454-5606,yeongsiggwag@example.org
박재현,86968,광주광역시 강서구 개포2길 352 (영환박리),미정조김연립 I동 659호,043-660-8360,iseongmin@example.org
김춘자,31086,부산광역시 광진구 양재천9거리 803-84 (민서최동),영길박마을 960호,011-753-1476,jinho29@example.com
최상훈,43509,부산광역시 성동구 백제고분거리 지하64,숙자신타워 V동 924호,070-9981-7146,oi@example.com
유정숙,62379,울산광역시 강남구 가락017로 660,예은이마을 라동 129호,044-465-6117,fryu@example.com
김재호,83035,강원도 의왕시 선릉086가 225 (하은성읍),영길이타운 M동 270호,011-794-5380,dgim@example.com
김옥자,57083,충청남도 청주시 상당구 봉은사가 지하978 (현준이서마을),은경김빌라 T동 746호,043-814-7821,ci@example.org
강지원,55683,인천광역시 노원구 서초대0로 291 (지혜이마을),광수박타워 W동 562호,053-765-8521,yeongja17@example.com
박경수,02243,세종특별자치시 강서구 오금로 807,명자이김빌라 M동 986호,051-971-4593,minsubag@example.org
박승민,38952,광주광역시 금천구 석촌호수거리 905-44,영호김김빌라 S동 079호,019-127-0268,yeongmii@example.net
김상현,24126,전라남도 음성군 테헤란길 490-14,진우김연립 P동 227호,044-860-9363,jaeho53@example.org
강민준,30407,경상북도 고양시 일산동구 도산대거리 824-30,지현김마을 Q동 105호,041-729-4258,misug65@example.net
최정자,63906,경기도 안성시 논현31거리 303-89,정식홍윤연립,010-3423-5244,jbag@example.org
심진우,98620,전라북도 화천군 언주길 539 (수진홍면),종수김김마을 W동 727호,043-892-3288,jeongsunju@example.org
이은서,53556,경상북도 고양시 일산동구 잠실로 60,동현김오마을 Y동 377호,062-148-8900,hyeonjungim@example.org
강정웅,79107,인천광역시 성동구 도산대4가 544,경숙송황타워 J동 097호,053-081-3073,gimjieun@example.com
김옥자,38817,충청남도 공주시 오금가 512-8,건우서타운 58동 655호,062-242-7107,eungyeong65@example.org
손수민,06671,세종특별자치시 중구 백제고분로 683 (영길이권동),동현장이타워,053-856-4680,jeongja42@example.com
김진우,58689,강원도 증평군 서초중앙로 115 (은정남면),승민우아파트,010-8054-6523,hnam@example.net
권은지,64340,전라남도 용인시 처인구 도산대987가 405-99 (지후최마을),지훈김타운 F동 353호,070-3219-9853,noogja@example.com
김중수,93830,부산광역시 강동구 잠실959길 지하408,지민김조타운 J동 426호,033-156-7969,jinubag@example.com
허은경,79991,충청남도 평택시 선릉거리 97,경자서김타워 I동 203호,062-967-4987,ancaeweon@example.net
이재현,62834,제주특별자치도 성남시 분당구 역삼35가 367-82 (영수조김면),재현이빌라 565호,043-234-6010,iujin@example.com
장성호,18357,제주특별자치도 수원시 팔달구 영동대길 118-98 (우진이류읍),서현박권타운 767호,019-117-6291,hyeonjeong09@example.net
김보람,05748,경상북도 양구군 언주795가 488,채원이지타워 E동 428호,031-986-7290,tgim@example.net
박영진,16278,대전광역시 영등포구 개포98로 605-60 (성훈남마을),민지권타운 T동 906호,017-764-5391,sugjagim@example.com
김예진,05491,인천광역시 노원구 반포대거리 292,예원김연립 S동 784호,062-513-1452,hyejinan@example.com
윤명숙,24017,경상북도 동해시 잠실로 지하506,재현박타운,062-628-4551,gi@example.org
박영미,44655,세종특별자치시 종로구 가락길 839-51 (서준신이면),우진진이타운 580호,041-659-1181,munyeongil@example.org
김예준,61357,전라북도 홍천군 테헤란로 752-96 (은영황면),현준양류아파트 B동 811호,043-313-0752,sanghocoe@example.com
김진우,44409,울산광역시 관악구 영동대6거리 939-60 (상철이동),성호나한타워,044-575-0205,tmun@example.net
박옥순,90189,경상남도 의정부시 압구정거리 지하1,중수차김연립 V동 231호,032-074-7809,zi@example.org
김수빈,93825,대전광역시 은평구 영동대가 40 (진우김박리),수빈이빌라,042-785-9466,yeji04@example.org
권서현,65247,경기도 안양시 동안구 삼성거리 736,상현김빌라,070-1937-7407,seongminbag@example.org
한예진,54078,세종특별자치시 강동구 영동대로 720,명숙최마을 F동 178호,063-377-9460,jiason@example.org
장영진,13389,울산광역시 동작구 언주길 759,지후이아파트,016-114-0555,jinhona@example.com
김성호,52450,광주광역시 서초구 서초중앙로 523-33 (숙자김김읍),은지김아파트,019-141-7757,yeongmi88@example.net
김수진,22226,광주광역시 광진구 선릉36로 549-86 (정순이강읍),성진고연립 328호,042-919-9029,junseo55@example.net
양순옥,43001,전라북도 충주시 선릉가 621-67,준혁김박마을,019-841-9278,jihu50@example.org
김성현,87459,광주광역시 동대문구 봉은사길 45,영철이아파트 P동 747호,064-784-7570,nu@example.net
최은지,15188,경상남도 삼척시 봉은사가 248 (우진하송마을),예지이타운 500호,064-725-2959,ijeongsun@example.net
류우진,78803,경기도 동두천시 잠실길 256-73,정수이연립 940호,032-992-4762,yujini@example.net
조진우,61184,충청북도 고양시 일산서구 서초대092로 956-57,지혜최타운 131호,063-570-9895,eunji96@example.net
문현지,57420,대구광역시 구로구 역삼가 340-71,정웅박아파트 176호,051-049-0922,seongho19@example.org
김성수,19614,전라남도 가평군 개포거리 287 (영자송윤마을),성민김마을 456호,032-214-8723,gimjeongsun@example.net
류은주,79647,제주특별자치도 청양군 논현454로 236,성민차마을 094호,02-6525-0935,hi@example.org
고병철,47141,충청북도 단양군 도산대60거리 702,정숙정마을 623호,032-694-8084,bagyujin@example.com
김지영,55003,제주특별자치도 고양시 덕양구 서초중앙가 851 (경수김이동),예지이박타운,070-3482-8886,nayeongsu@example.net
류정웅,12215,부산광역시 북구 삼성47거리 150-69 (정희최동),영호서마을 F동 737호,02-9975-5777,jiyeongi@example.net
김예지,80129,광주광역시 강동구 잠실거리 725 (순옥권이읍),민서류고연립 다동 658호,055-018-6849,lhwang@example.net
서성민,81640,대구광역시 종로구 가락23로 지하794 (시우김황읍),영수이아파트 059호,02-8498-8622,caeweongim@example.com
손영호,01559,경기도 영월군 오금071로 894-86 (영수김면),옥자류류타운 J동 533호,016-019-0094,seoyeongseo@example.net
우영자,80835,경상북도 인제군 개포가 677-61,순옥김아파트 X동 289호,02-5462-9396,ogim@example.com
박정호,18701,인천광역시 중랑구 봉은사09거리 295-83,순옥김빌라,054-813-5296,hyeonjeong13@example.com
김영철,69050,세종특별자치시 서구 영동대73로 209-93 (은정서리),영길김김연립 863동 747호,018-074-4261,iyeongja@example.com
이현주,90776,경기도 부천시 소사구 서초대거리 252 (서현지이리),민수권최빌라 885호,019-373-9078,ai@example.com
안상철,69394,광주광역시 중구 논현길 202-53,승민김아파트 S동 000호,055-581-1087,bi@example.net
홍시우,72988,경기도 춘천시 삼성611로 767,선영조빌라 Q동 486호,017-216-2051,junseo27@example.net
이보람,34255,충청북도 서천군 서초중앙7로 81-37 (영길황읍),재호박아파트,043-719-3610,jiweonbag@example.net
장종수,34129,서울특별시 용산구 석촌호수78로 지하564 (민지김김읍),성수홍빌라 라동 816호,063-596-7716,jinucoe@example.org
박혜진,52466,강원도 서천군 가락길 140,지연이타운,018-530-3519,fgim@example.com
김진호,58006,부산광역시 마포구 가락7로 201,성훈고김빌라,061-836-7889,jinhobag@example.net
고숙자,30143,전라북도 의정부시 서초대07거리 907 (우진김면),수민김타운 422호,02-5687-4363,bagseojun@example.com
김지후,65219,경상남도 과천시 테헤란2로 398 (영환최리),서준김아파트 967호,044-111-0619,yeongsigbag@example.org
류유진,88823,세종특별자치시 동대문구 언주45거리 511 (영길박마을),광수이배타워 796호,070-2368-1433,oboram@example.org
김정수,07455,세종특별자치시 서구 역삼2거리 264-38,경자심송연립 R동 831호,041-309-7793,gimhyeonsug@example.net
박예준,92772,충청북도 의정부시 가락1가 194,하은김타운 마동 595호,010-1898-7678,gimjaeho@example.org
이민재,70537,충청북도 여주시 반포대로 지하651,정자이김아파트 W동 567호,010-3752-2934,hyejin97@example.org
배성현,08550,충청북도 부천시 테헤란09거리 74-52 (하은이양리),수민송아파트,070-9029-9782,jaehoi@example.org
박준서,25578,경기도 평창군 강남대가 696-18,성진박아파트 R동 070호,064-706-1082,mgo@example.com
김경수,76829,대구광역시 양천구 선릉거리 364 (우진서최동),동현이전빌라 마동 447호,063-406-4922,minsu51@example.org
권지후,17765,경상북도 증평군 양재천9거리 48 (현주박마을),미영임김빌라 228호,064-785-9438,baghyeonji@example.net
우영진,65160,세종특별자치시 서구 삼성4거리 지하864 (경희지리),정희장최빌라 C동 562호,016-866-9467,jangyeonghyi@example.org
김진우,23637,대전광역시 서대문구 개포길 642,지민김김마을 610호,053-721-8241,jaehoseo@example.net
김영일,98885,울산광역시 남구 역삼길 259 (민석김읍),예준류아파트 바동 467호,055-507-4864,eunjeonggim@example.org
김현숙,91967,강원도 김포시 가락1가 61 (영순한리),동현김김타운 R동 050호,016-495-2497,hajeongnam@example.com
김은경,96649,세종특별자치시 남구 백제고분길 402 (예원김마을),민수권허빌라,052-641-7472,bgim@example.org
류지영,04388,인천광역시 도봉구 영동대620길 312 (미영김리),지우차빌라 858호,054-714-1261,xgim@example.com
김서윤,10050,경상남도 증평군 논현가 961-97,선영이타운 216호,042-977-2442,seonyeonggim@example.org
강현숙,10552,전라남도 공주시 도산대42거리 436,하윤이빌라 051호,070-6215-0973,hyeonjun77@example.org
고정식,65569,부산광역시 영등포구 서초대가 93,도현이빌라 K동 950호,018-928-3989,sunjao@example.net
윤성훈,46540,울산광역시 용산구 서초대317길 673,은주김김타운 562호,031-097-2295,egim@example.org
손예원,62127,제주특별자치도 고성군 서초중앙로 839 (옥순이김리),진우박차연립 371호,055-209-4762,iminseo@example.com
김지혜,06444,대구광역시 금천구 가락길 618 (하윤장읍),영희김이아파트,011-986-7310,seoyeon96@example.com
고미경,21208,울산광역시 광진구 학동531가 298,미숙김최타워,016-212-6618,igyeongsug@example.net
류미경,61123,경기도 천안시 서북구 학동99길 291 (성훈이박면),은경박류타워 W동 539호,010-2781-8469,sujin69@example.net
이지훈,24953,제주특별자치도 성남시 수정구 가락가 587-81 (서영박마을),정웅김마을 224호,054-927-7531,sujin16@example.net
서서영,91975,충청남도 과천시 백제고분거리 547,영자김빌라,017-167-9882,jiyeongjin@example.net
박영수,18304,경상남도 성남시 가락06길 99-56,광수김홍타운,055-568-4558,sanghungim@example.com
박종수,40958,충청북도 계룡시 테헤란7로 731,진호이김연립 U동 960호,064-710-8455,yunseo25@example.com
권영식,80133,전라북도 금산군 봉은사거리 122 (경희최권리),시우김아파트 767호,016-495-0167,ii@example.org
이현우,20121,인천광역시 중랑구 강남대421로 지하927 (하은이이동),윤서서차연립 Y동 081호,051-524-5467,jeonghyii@example.net
이승민,37820,인천광역시 마포구 석촌호수6가 253-54,서현김타워,017-667-0972,cunja86@example.net
박도윤,84488,전라북도 광주시 도산대5길 95-43 (서영최마을),보람홍김빌라,011-186-9180,jinhocoe@example.net
주서준,74147,충청남도 고양시 개포62가 730-82,채원노마을,017-074-5108,ieunseo@example.org
박성호,25099,서울특별시 은평구 석촌호수길 32-53 (서준박박리),정숙장타운,055-414-0243,sunogha@example.net
허예지,99067,울산광역시 송파구 오금가 919 (명숙나박동),은주김빌라,019-222-3598,fbag@example.com
서현정,33384,대전광역시 강남구 개포로 687 (시우이동),미정서권타워 T동 433호,041-527-4014,ogsun41@example.com
이정식,74472,광주광역시 구로구 도산대1길 792,경희주박빌라 882호,019-826-9687,junseojo@example.com
최지후,98040,경상남도 부여군 학동가 994,순옥김이빌라 071호,042-739-8276,iminsu@example.net
김현우,00735,부산광역시 동구 테헤란로 165,예진이타운 481호,016-897-7167,sugjabag@example.org
김영환,16084,광주광역시 구로구 도산대8길 698-22 (경희최서면),명숙장연립 763호,031-485-0445,igyeongsug@example.net
곽영길,26041,서울특별시 남구 선릉길 130-43,명숙문마을,018-580-9738,fnam@example.org
홍은지,31239,광주광역시 중구 역삼7로 61,예준배빌라,016-408-7567,eunju74@example.net
한민준,29416,대구광역시 금천구 백제고분로 539,정숙윤타운 239호,070-8819-5842,bi@example.org
이아름,04215,전라북도 옥천군 언주가 66-46,은지김김빌라,063-109-0248,boramseo@example.net
김진우,17460,서울특별시 동대문구 삼성길 755,춘자양김타워 M동 033호,02-6205-1178,yeongsun68@example.com
이상현,03052,충청북도 김포시 양재천0가 313-81 (서연김리),예진이박타워 V동 238호,017-795-9977,ygim@example.net
장상철,39264,인천광역시 서초구 학동로 975-43 (보람장동),진호김연립 275호,064-728-5356,jeonghocoe@example.com
서윤서,18083,전라남도 괴산군 가락길 570-40,정자이타워,017-028-2276,ii@example.org
전서현,46284,대구광역시 서초구 학동19길 491-27 (정웅이리),아름김아파트,051-245-8453,tgim@example.net
박민준,70949,대전광역시 마포구 가락길 397 (채원김면),민지윤타운 R동 542호,033-804-8332,bagjeongho@example.com
이윤서,89917,대구광역시 성북구 서초대4가 610,현정박고타운,031-241-1972,ujin51@example.net
박아름,58105,경상남도 여주시 잠실거리 439-91,현지박김아파트,064-790-6795,mo@example.net
남영자,61878,전라남도 안산시 양재천로 576 (정웅박김마을),재호이연립 887호,010-3707-3426,jeonghyiseong@example.org
이영순,22471,경상북도 수원시 영통구 역삼거리 959 (종수한박면),현준송타운,055-892-2003,kjo@example.com
지지원,81891,전라북도 인제군 오금가 801 (현지김이마을),영순심박빌라 Z동 594호,042-583-3584,abag@example.com
이지은,09358,강원도 김포시 삼성30로 181,지영김빌라 537호,063-419-5899,yunseo15@example.net
유현지,00343,대전광역시 성북구 언주길 899,지후홍이마을 나동 393호,031-224-4619,jeongsubag@example.org
심아름,90389,충청북도 수원시 팔달구 잠실가 931-47,명자배아파트 475호,042-803-7320,myeongja97@example.com
김우진,49057,인천광역시 구로구 학동거리 998,정남한연립,055-679-6897,hbaeg@example.org
윤유진,91497,전라남도 춘천시 서초대661거리 883-39,준혁이김아파트 C동 325호,064-736-8150,gimgwangsu@example.com
문영일,79364,서울특별시 영등포구 삼성길 447,우진곽윤타운 031호,010-4590-8114,yeonghocoe@example.org
이정순,77030,경기도 평택시 백제고분가 839-42 (은영조읍),민수김빌라 K동 608호,052-065-2317,gimminjae@example.org
김혜진,46354,전라남도 진천군 서초중앙6가 지하274 (영환강면),영진김배빌라 가동 278호,044-271-5820,seungmin64@example.net
양정희,44173,세종특별자치시 강동구 테헤란길 861-54,준호안빌라 마동 602호,070-1162-6483,ai@example.net
김동현,25283,경기도 영동군 압구정2로 485 (경희유서동),예원김타운 263호,053-600-9326,yujin41@example.org
박채원,99353,강원도 시흥시 학동길 259 (상현이유동),영숙오박연립 A동 981호,017-849-8693,gyeongsugim@example.org
이영길,72316,전라북도 화성시 서초대387로 952,수진이권아파트,070-6095-8470,gyeonghyi57@example.com
권미영,12941,강원도 양평군 오금거리 528 (명숙박리),은서오마을 바동 374호,017-617-2712,baesubin@example.com
고영철,15825,울산광역시 중랑구 역삼98거리 243-12 (영수이오동),영철박마을 96동 287호,031-814-1150,qseo@example.net
김상현,37626,충청북도 용인시 처인구 논현거리 950-93,광수김아파트 441호,033-979-9003,mijeong00@example.com
김성호,79464,인천광역시 서대문구 석촌호수51로 501,영일이타워,019-159-1673,minjaegim@example.net
고영길,90495,경상북도 용인시 백제고분4거리 320-93,미경이최아파트,053-105-5460,xgo@example.com
이은지,92159,충청북도 횡성군 영동대길 33-50 (서연김박동),옥자이권타운,051-595-7699,bagogja@example.com
김예지,88000,인천광역시 영등포구 강남대070가 457,영순최빌라,041-978-2759,gueunyeong@example.net
박영자,03694,전라남도 화천군 석촌호수176가 470-8,민지김김아파트 V동 160호,061-683-8731,coeyeji@example.org
유서영,77004,전라남도 이천시 강남대5가 582-81 (지영류면),은영배김연립,019-118-6452,li@example.org
김영진,09722,인천광역시 성북구 오금0로 625 (종수송리),미경한아파트 984호,016-169-6104,seoyun07@example.org
이예지,52073,대전광역시 동대문구 강남대6거리 965 (숙자오면),채원문송마을,033-097-7919,sugjahwang@example.org
장지영,70735,충청남도 금산군 반포대4로 103,순옥박김빌라 U동 210호,062-592-8385,jinhoi@example.net
최진우,91441,울산광역시 동작구 역삼63거리 414-72 (윤서강김리),수빈김김타워 557호,053-629-0281,jiyeong99@example.net
이미정,84968,울산광역시 동대문구 도산대73로 296,현우박마을,016-743-5963,di@example.org
이서연,87217,울산광역시 동작구 논현4가 233-69,상철강송타워 바동 961호,017-559-8631,jinugim@example.com
안수빈,42306,울산광역시 강남구 잠실25거리 109-21,상철문지타운 X동 612호,064-725-5933,sanghun95@example.com
이승민,60672,세종특별자치시 마포구 삼성로 272-85 (예준문윤면),영순오박타워 754호,055-207-4687,borami@example.net
이옥자,23154,경상북도 동해시 석촌호수가 971,하은강이타운,033-575-8869,baeyeongmi@example.net
김혜진,18598,충청남도 이천시 강남대7길 695,승민김마을,017-770-5604,jungsuyun@example.org
안예원,71708,대구광역시 도봉구 서초중앙0거리 815-17,영일이구타워 576호,051-734-8633,juweonsim@example.org
김은지,50264,세종특별자치시 용산구 봉은사가 805,상철양마을 라동 947호,041-318-6490,seoyunji@example.com
이정수,98886,광주광역시 동작구 석촌호수7길 474,지연이김타운 626호,070-4725-3116,yejunhwang@example.org
장예원,59597,광주광역시 용산구 언주3거리 709,현정이아파트 Y동 633호,032-894-5074,ggim@example.com
장숙자,74634,서울특별시 성북구 오금가 227-91 (경숙김김면),지현송아파트,018-905-5837,hyeonjii@example.com
오민준,36033,광주광역시 중구 학동20길 757 (현정김성동),성진심연립 바동 183호,019-449-2483,jeongsuggang@example.com
박우진,06430,전라북도 의왕시 강남대055로 326-45 (지훈박읍),승현유타워,055-659-6303,gangyunseo@example.net
최은주,00972,경상북도 시흥시 테헤란372길 441,채원황김마을 U동 009호,062-019-6455,baeeunjeong@example.org
강시우,89057,충청북도 고양시 덕양구 잠실길 392,준서김홍연립 226호,054-591-7171,nbag@example.net
장상훈,23909,전라남도 안양시 만안구 학동034로 532 (옥자김양리),성진이양아파트 975호,062-050-2829,yujingim@example.org
권영희,90588,충청남도 파주시 압구정912거리 215,지아최연립 322호,032-022-1799,subin99@example.net
김민서,31965,부산광역시 성동구 영동대거리 619-72 (지은강심면),지후박오연립,043-955-6559,coeyunseo@example.com
이민수,92375,경상남도 용인시 테헤란길 182,중수김김타운 163호,041-548-2191,gimdoyun@example.net
오중수,44428,전라남도 양양군 언주19길 582-1,현지김이연립,054-784-1747,hyeonsugmin@example.com
박명숙,30101,강원도 수원시 영통구 테헤란거리 528-67 (미경김최리),하윤이타운,051-659-7141,gimseoyeon@example.net
김옥자,08517,광주광역시 강남구 학동59길 427-21 (순자최진면),정희김양타운,061-868-8632,seongsu01@example.org
노수진,10197,전라북도 금산군 반포대가 710 (경자조강마을),예준권백빌라,011-676-8721,songyeonghwan@example.net
이상철,21017,경상북도 의정부시 강남대7가 368,동현박박타워 바동 203호,054-245-2593,ugim@example.com
이성호,13550,경상남도 고양시 덕양구 석촌호수길 146,민재김서아파트,062-058-9809,iminsu@example.com
한상훈,48279,경상북도 화성시 논현46거리 103-33,정희이아파트 053호,041-285-4877,wbag@example.net
이정훈,97318,대전광역시 관악구 백제고분038가 382-6,수민정연립,033-661-3588,pgim@example.org
이준영,37267,제주특별자치도 양주시 논현거리 지하930 (민수최마을),지현류타운 986호,031-088-8940,yeonghwanyun@example.org
이정순,79234,전라북도 광명시 선릉539로 184-34,경숙배아파트 295호,016-072-1311,ogsuncoe@example.net
최은정,16153,울산광역시 금천구 백제고분51길 908-70,도현진마을 R동 074호,041-944-4617,ugim@example.com
김순옥,41223,울산광역시 도봉구 백제고분3거리 19-19 (영길강김마을),성수김연립 E동 473호,061-100-6226,hayun03@example.net
이영식,18676,충청북도 동두천시 영동대거리 621-5,성민성아파트 948호,032-403-2713,gimhyeonji@example.org
문성호,31911,대구광역시 중랑구 언주3거리 927-42 (아름김박읍),은지윤강타워 096호,017-799-1898,jeongsug97@example.com
서영희,79319,대구광역시 강서구 반포대90길 42-14 (영진박허마을),미경이타운 14동 585호,042-969-1545,iseongsu@example.net
박예원,24295,전라남도 양구군 가락00가 지하260,정순손마을 316호,011-722-0014,sanghyeono@example.com
윤종수,10666,경상남도 안성시 잠실27로 828 (건우이이리),준혁이빌라 Z동 149호,011-899-0729,gimgeonu@example.net
박준호,37746,서울특별시 영등포구 서초대길 17 (민수문읍),지우류이연립 400호,041-465-6603,yeongmi14@example.org
김숙자,60794,경상북도 수원시 팔달구 논현4가 381-17 (영자김읍),순옥김강마을,041-334-2601,yunjinu@example.net
한은정,18630,세종특별자치시 양천구 석촌호수길 847-37 (정수김읍),예준서아파트 V동 921호,043-364-4960,gimseojun@example.org
이민지,89160,충청남도 천안시 서북구 논현거리 880-61 (시우문박읍),지현김김아파트 I동 109호,043-942-5064,qim@example.org
류은영,86795,울산광역시 구로구 반포대89가 160,민재박연립,051-794-2107,jungsui@example.org
김광수,80857,충청북도 고양시 일산동구 논현38길 21-43 (은영김류동),옥순윤연립 171호,043-510-7588,lbaeg@example.net
김정숙,45053,서울특별시 성북구 논현로 264-88,하은김권연립,011-260-1722,jihujeong@example.net
박명자,12591,광주광역시 성동구 개포가 828-38,지훈김빌라,033-706-8968,seongjinhan@example.org
손지후,49735,충청남도 부천시 소사구 봉은사길 361,준혁박타운 306호,053-446-3158,ahan@example.com
이정호,59864,세종특별자치시 성동구 석촌호수로 840-40 (도현김면),혜진민안타워,010-2585-9345,bagyeji@example.org
백영순,80584,대구광역시 마포구 서초중앙거리 706-17 (은서권면),윤서김김아파트 030호,042-304-2712,jiugim@example.org
최정식,00093,서울특별시 동작구 언주89거리 160-10 (시우이마을),상현백조마을 423호,042-990-6490,seojun64@example.org
문수빈,97090,전라남도 청주시 흥덕구 양재천길 922 (민서강동),지민민타운 597호,054-103-3720,eyun@example.com
이옥자,65320,강원도 태안군 학동15가 128 (정순구김리),현숙박빌라,031-258-2777,jeongnambag@example.com
박미정,77562,경기도 고양시 일산동구 백제고분로 276-3 (지원황동),재현김이타운 가동 691호,011-765-4410,li@example.net
이영희,78214,서울특별시 노원구 백제고분412거리 902 (영자박오리),민석허최연립 134호,010-8496-6503,munjeonghyi@example.net
김건우,52180,부산광역시 은평구 역삼가 793-48,시우배타운 라동 683호,02-4976-8597,gominseo@example.org
윤상현,28853,대구광역시 금천구 논현64로 866-61,광수이아파트,042-896-3977,bjo@example.com
류영호,16002,전라북도 천안시 서북구 학동길 19 (은주이읍),성훈박이빌라,052-101-3549,hanminsu@example.com
권성민,90688,서울특별시 성북구 개포8로 929-5,서준곽타워,053-779-5593,hwangseunghyeon@example.com
진진우,41679,경상남도 양평군 압구정16로 294-15 (서준김진읍),성수강마을,044-193-7901,bbag@example.com
김은지,69087,충청남도 가평군 개포72로 504 (서영박김마을),수진심빌라 686호,053-257-5715,seunghyeon17@example.com
김주원,85437,강원도 속초시 서초중앙0거리 843,지민김타운 N동 301호,041-985-2487,qnam@example.org
강민수,36324,세종특별자치시 성북구 삼성654거리 373,지원윤아파트 393호,042-706-9070,gyeongsui@example.net
이정희,74491,서울특별시 서대문구 오금5가 420-15,은경김김빌라 843동 574호,019-094-3394,bagsubin@example.org
고주원,16917,전라북도 이천시 서초대길 768 (민서송리),재현김서타운,042-360-1141,ugim@example.org
김순옥,19662,광주광역시 성북구 삼성264거리 527 (지은김동),은영김아파트,019-694-9119,gimjeongsug@example.org
전유진,94042,전라북도 안성시 삼성가 지하557,서영김이빌라 H동 996호,055-788-1776,bageunseo@example.net
김현정,48875,광주광역시 마포구 언주가 995-40,정웅윤장빌라 U동 322호,070-5201-7625,junyeong39@example.org
김현지,80709,인천광역시 중랑구 잠실거리 882-73,정희김연립 F동 582호,053-394-7685,jgim@example.org
이종수,75464,광주광역시 은평구 석촌호수가 지하206 (성호조허동),지연김고마을 A동 698호,044-946-5080,jiahan@example.com
이은정,56345,울산광역시 강서구 삼성로 2,미정서이마을 122호,052-627-6272,gimminjae@example.com
최수민,39127,세종특별자치시 용산구 양재천거리 지하961,영희박박마을 J동 811호,019-346-1051,ibyeongceol@example.net
신정순,33391,경기도 괴산군 오금42길 507-32,승현민타워 745호,064-798-2980,jeonghyijang@example.org
김주원,68268,울산광역시 남구 백제고분로 661-68 (지우권동),지훈김고마을,011-332-7521,si@example.net
허경희,50248,제주특별자치도 음성군 언주가 372-61,민지이타워 C동 213호,055-586-0001,ci@example.com
나예진,21473,대전광역시 성동구 압구정944로 66-12 (하은김송면),영식김연립 77동 899호,043-298-1195,nha@example.net
김정남,67850,광주광역시 강남구 잠실로 지하967 (정호김읍),정수이박타워 114호,062-685-3029,caeweon41@example.net
최병철,37397,광주광역시 강서구 반포대95가 793,정숙김우연립 A동 385호,051-836-0150,eunseo47@example.com
류정호,25285,충청북도 의왕시 선릉391거리 746-30,중수박타운 060호,033-621-1913,coesumin@example.org
손준호,47053,충청남도 춘천시 논현5길 560 (정남김읍),서윤이김타워 660호,044-085-9673,gimyeji@example.net
이하은,57074,부산광역시 중랑구 백제고분57가 303 (동현손이마을),승민김손빌라,031-599-3701,esim@example.com
장병철,74548,부산광역시 은평구 봉은사가 373,상현최박타워,042-814-6409,guyeongsig@example.com
이종수,27627,광주광역시 북구 영동대로 926-19,성훈김마을 Z동 407호,054-549-0494,qhan@example.com
김상훈,25266,경상북도 가평군 가락거리 419-10,정희이타워,010-2691-0129,jiweon20@example.net
고정희,37498,충청북도 부여군 영동대거리 977 (진우이박동),준혁고연립,032-891-3558,ryujihu@example.com
조은정,39213,경상북도 태백시 선릉12길 564,은주김타운 C동 140호,064-735-1875,seojihun@example.com
최정수,20120,충청남도 괴산군 봉은사66가 435 (민재박읍),명숙유김마을 664호,010-3603-3551,migyeonggim@example.com
양정수,34129,광주광역시 광진구 봉은사거리 665-22 (영환양면),서윤권김빌라 Z동 860호,063-667-8154,abag@example.org
김영일,10620,충청북도 태안군 압구정45길 238,경희김마을 M동 657호,053-024-5968,yunseobag@example.com
박병철,68563,인천광역시 노원구 학동5거리 990,예원김박마을,052-964-8815,jieunsong@example.net
박영환,63306,제주특별자치도 가평군 오금길 674,윤서주장마을 P동 054호,019-244-8305,bgim@example.com
김경수,28820,서울특별시 강동구 강남대30길 412-15,수빈한빌라 125호,010-9352-1284,oi@example.com
이윤서,24093,경기도 양평군 논현로 1,정남권타운 R동 572호,044-681-5656,fi@example.org
이성민,67667,전라남도 평창군 오금거리 738-94,지현김마을,019-542-9269,pi@example.com
김수민,03083,인천광역시 동구 강남대2길 183 (진우송오리),광수김마을 068호,019-974-9757,sgim@example.net
박경자,33897,울산광역시 은평구 반포대길 432-57 (경수박마을),현우박박연립 621호,052-237-1749,minsu61@example.com
양하윤,35224,경상남도 공주시 서초중앙가 395-80,은경고아파트 J동 115호,032-887-8578,jiweon69@example.org
김민서,87142,대전광역시 중랑구 가락길 645-9,지은임아파트,052-195-1355,subingim@example.com
오옥자,97064,부산광역시 금천구 언주가 471 (영일김홍동),수진지이타워 V동 886호,052-689-5243,agim@example.net
권지우,99756,강원도 진천군 개포6가 474,영미이안마을,041-132-6969,hyeonjunan@example.org
양경자,19557,세종특별자치시 중랑구 양재천62길 903-97,하윤이박아파트 308호,062-454-4501,mgim@example.net
이영식,04963,충청남도 계룡시 서초중앙60로 358 (예은류읍),종수남양빌라,031-958-6524,haeun00@example.org
안정수,23467,부산광역시 서대문구 봉은사로 909-78,숙자김성아파트 E동 120호,010-9004-6432,bagmiyeong@example.com
황상현,55496,경기도 횡성군 영동대거리 268-72,영순주아파트 L동 453호,02-3047-0795,songjeongja@example.com
윤정수,59792,강원도 구리시 논현62거리 339-59 (지현차남리),도윤김타운 N동 557호,055-218-5549,ojunseo@example.net
이서준,76389,대구광역시 양천구 선릉거리 291,하은박연립 053호,063-860-6308,junhosim@example.org
이종수,67183,울산광역시 동구 오금거리 94-39 (정숙이면),성민강이빌라 897호,017-774-7759,gyeonghyii@example.com
우영호,12666,충청북도 옥천군 서초중앙거리 245-55 (승민이동),영환이박아파트,043-246-0512,yeongho77@example.net
김상훈,94829,전라북도 화성시 강남대2가 577 (진호장이리),영자김타워,052-902-6289,gangdoyun@example.org
허성훈,43441,서울특별시 금천구 언주1로 468-71 (채원이마을),수빈윤이타워,019-057-8308,seoyeongsong@example.com
양우진,31776,대구광역시 영등포구 개포18가 262,옥순강타운 F동 872호,019-065-9860,subinjang@example.org
이진호,21806,충청남도 고양시 덕양구 테헤란로 지하744,진우김이타워 967호,032-096-0162,gcoe@example.org
조은경,50061,충청남도 김포시 양재천로 345-36,선영구타워 I동 033호,063-158-9493,jieunju@example.com
배재호,81927,경상남도 수원시 영통구 봉은사0길 853,종수김마을,052-203-0508,eunseo69@example.com
박지훈,39196,경상북도 광명시 역삼51로 617,주원박지타운,010-1147-5740,hanminjae@example.org
이정자,38793,대전광역시 마포구 반포대가 52 (서준남장마을),예은이마을 Z동 817호,02-5152-1566,jeongja24@example.org
서서영,06886,경기도 수원시 팔달구 봉은사로 187-78 (도윤홍읍),서현문빌라 022호,051-749-3178,bagujin@example.net
박영철,12115,경상북도 양주시 역삼6가 846 (명자황김마을),서영이이타워 230호,042-750-9329,gangjeongsun@example.com
박동현,09320,전라남도 안양시 만안구 역삼8길 423 (상철남권읍),진호박연립 605호,051-762-9724,donghyeon24@example.org
김지훈,40411,부산광역시 종로구 서초중앙263거리 424,현준차아파트 709호,033-215-3238,sunog73@example.com
최영숙,02421,세종특별자치시 강동구 반포대길 지하612,성현양황연립 607호,070-5375-5660,hyeonju63@example.net
김경수,81267,대구광역시 용산구 백제고분8길 985-62 (영자전읍),영순이김연립,063-500-2623,zgim@example.org
윤현주,92209,전라남도 성남시 삼성019가 868,우진박타워 라동 043호,041-358-1136,eunyeonggim@example.net
유성훈,56572,대구광역시 마포구 역삼4로 956 (민수전김마을),경희주타워,010-9817-5384,seungminbag@example.com
김영진,16945,대구광역시 성동구 양재천길 714-83,성훈홍마을 201호,02-2328-3493,ijunhyeog@example.net
박유진,61184,강원도 동해시 반포대204길 65-10 (수민윤주면),서윤이빌라 L동 677호,062-050-7177,migyeongbag@example.org
이성진,19371,전라남도 수원시 영통구 영동대66가 572-71,서연김타운 789호,02-9396-9912,bagjeonghun@example.net
허경수,84908,대전광역시 양천구 삼성6가 177 (정수김백읍),미경최이타운 S동 631호,055-750-5675,vi@example.com
최정순,29095,대구광역시 북구 가락로 372 (영진이양동),상훈박최빌라 460동 523호,032-229-9642,zgim@example.net
박상현,88110,충청남도 성남시 수정구 가락거리 472,재현오박타워 231호,043-242-9958,yujihun@example.org
김영철,35312,경상남도 화천군 선릉266거리 726 (영수이이마을),준혁허빌라 105호,011-743-3875,dgim@example.org
김성현,36447,충청북도 철원군 선릉길 354-33,민준박타운 008호,051-348-2483,gimjieun@example.com
한재현,64087,강원도 청주시 서원구 강남대5가 128 (영진안리),현주심안타워 Q동 567호,041-163-5032,yeweoni@example.net
송민준,40188,전라북도 속초시 압구정거리 283-38 (은영백마을),서현김김타워 242호,041-704-1380,dhwang@example.org
최승민,94484,충청북도 서산시 언주가 890 (상현양면),진호이타워 W동 019호,051-210-4164,junseogim@example.org
김옥순,41468,강원도 삼척시 잠실거리 876-57,보람서빌라,018-032-2284,ijeongsun@example.com
